Duration (in seconds),Finished,consent_1,self_tipi_1_1,self_tipi_2_1,self_tipi_3_1,self_tipi_4_1,self_tipi_5_1,self_tipi_6_1,self_tipi_7_1,self_tipi_8_1,self_tipi_9_1,self_tipi_10_1,Q150_First Click,Q150_Last Click,Q150_Page Submit,Q150_Click Count,self_ittp_O1_1,self_ittp_O2_1,self_ittp_O3_1,self_ittp_O4_1,self_ittp_C1_1,self_ittp_C2_1,self_ittp_C3_1,self_ittp_C4_1,self_ittp_E1_1,self_ittp_E2_1,self_ittp_E3_1,self_ittp_E4_1,self_ittp_A1_1,self_ittp_A2_1,self_ittp_A3_1,self_ittp_A4_1,self_ittp_N1_1,self_ittp_N2_1,self_ittp_N3_1,self_ittp_N4_1,Q146_First Click,Q146_Last Click,Q146_Page Submit,Q146_Click Count,self_mon1_1,self_mon2_1,self_mon3_1,self_mon4_1,self_mon5_1,self_mon6_1,self_mon7_1,self_mon8_1,self_mon9_1,self_mon10_1,self_mon11_1,self_mon12_1,self_mon13_1,Q171_First Click,Q171_Last Click,Q171_Page Submit,Q171_Click Count,targets_1,targets_19,targets_20,targets_21,targets_2,targets_22,targets_23,targets_24,Q151_First Click,Q151_Last Click,Q151_Page Submit,Q151_Click Count,tar_tipi_1_1,tar_tipi_1_2,tar_tipi_1_3,tar_tipi_1_4,tar_tipi_1_5,tar_tipi_1_6,tar_tipi_1_7,tar_tipi_1_8,tar_tipi_2_1,tar_tipi_2_2,tar_tipi_2_3,tar_tipi_2_4,tar_tipi_2_5,tar_tipi_2_6,tar_tipi_2_7,tar_tipi_2_8,tar_tipi_3_1,tar_tipi_3_2,tar_tipi_3_3,tar_tipi_3_4,tar_tipi_3_5,tar_tipi_3_6,tar_tipi_3_7,tar_tipi_3_8,tar_tipi_4_1,tar_tipi_4_2,tar_tipi_4_3,tar_tipi_4_4,tar_tipi_4_5,tar_tipi_4_6,tar_tipi_4_7,tar_tipi_4_8,tar_tipi_5_1,tar_tipi_5_2,tar_tipi_5_3,tar_tipi_5_4,tar_tipi_5_5,tar_tipi_5_6,tar_tipi_5_7,tar_tipi_5_8,tar_tipi_6_1,tar_tipi_6_2,tar_tipi_6_3,tar_tipi_6_4,tar_tipi_6_5,tar_tipi_6_6,tar_tipi_6_7,tar_tipi_6_8,tar_tipi_7_1,tar_tipi_7_2,tar_tipi_7_3,tar_tipi_7_4,tar_tipi_7_5,tar_tipi_7_6,tar_tipi_7_7,tar_tipi_7_8,tar_tipi_8_1,tar_tipi_8_2,tar_tipi_8_3,tar_tipi_8_4,tar_tipi_8_5,tar_tipi_8_6,tar_tipi_8_7,tar_tipi_8_8,tar_tipi_9_1,tar_tipi_9_2,tar_tipi_9_3,tar_tipi_9_4,tar_tipi_9_5,tar_tipi_9_6,tar_tipi_9_7,tar_tipi_9_8,tar_tipi_10_1,tar_tipi_10_2,tar_tipi_10_3,tar_tipi_10_4,tar_tipi_10_5,tar_tipi_10_6,tar_tipi_10_7,tar_tipi_10_8,Q152_First Click,Q152_Last Click,Q152_Page Submit,Q152_Click Count,tar_ittp_O1_1,tar_ittp_O1_2,tar_ittp_O1_3,tar_ittp_O1_4,tar_ittp_O1_5,tar_ittp_O1_6,tar_ittp_O1_7,tar_ittp_O1_8,tar_ittp_O2_1,tar_ittp_O2_2,tar_ittp_O2_3,tar_ittp_O2_4,tar_ittp_O2_5,tar_ittp_O2_6,tar_ittp_O2_7,tar_ittp_O2_8,tar_ittp_O3_1,tar_ittp_O3_2,tar_ittp_O3_3,tar_ittp_O3_4,tar_ittp_O3_5,tar_ittp_O3_6,tar_ittp_O3_7,tar_ittp_O3_8,tar_ittp_O4_1,tar_ittp_O4_2,tar_ittp_O4_3,tar_ittp_O4_4,tar_ittp_O4_5,tar_ittp_O4_6,tar_ittp_O4_7,tar_ittp_O4_8,tar_ittp_C1_1,tar_ittp_C1_2,tar_ittp_C1_3,tar_ittp_C1_4,tar_ittp_C1_5,tar_ittp_C1_6,tar_ittp_C1_7,tar_ittp_C1_8,tar_ittp_C2_1,tar_ittp_C2_2,tar_ittp_C2_3,tar_ittp_C2_4,tar_ittp_C2_5,tar_ittp_C2_6,tar_ittp_C2_7,tar_ittp_C2_8,tar_ittp_C3_1,tar_ittp_C3_2,tar_ittp_C3_3,tar_ittp_C3_4,tar_ittp_C3_5,tar_ittp_C3_6,tar_ittp_C3_7,tar_ittp_C3_8,tar_ittp_C4_1,tar_ittp_C4_2,tar_ittp_C4_3,tar_ittp_C4_4,tar_ittp_C4_5,tar_ittp_C4_6,tar_ittp_C4_7,tar_ittp_C4_8,tar_ittp_E1_1,tar_ittp_E1_2,tar_ittp_E1_3,tar_ittp_E1_4,tar_ittp_E1_5,tar_ittp_E1_6,tar_ittp_E1_7,tar_ittp_E1_8,tar_ittp_E2_1,tar_ittp_E2_2,tar_ittp_E2_3,tar_ittp_E2_4,tar_ittp_E2_5,tar_ittp_E2_6,tar_ittp_E2_7,tar_ittp_E2_8,tar_ittp_E3_1,tar_ittp_E3_2,tar_ittp_E3_3,tar_ittp_E3_4,tar_ittp_E3_5,tar_ittp_E3_6,tar_ittp_E3_7,tar_ittp_E3_8,tar_ittp_E4_1,tar_ittp_E4_2,tar_ittp_E4_3,tar_ittp_E4_4,tar_ittp_E4_5,tar_ittp_E4_6,tar_ittp_E4_7,tar_ittp_E4_8,tar_ittp_A1_1,tar_ittp_A1_2,tar_ittp_A1_3,tar_ittp_A1_4,tar_ittp_A1_5,tar_ittp_A1_6,tar_ittp_A1_7,tar_ittp_A1_8,tar_ittp_A2_1,tar_ittp_A2_2,tar_ittp_A2_3,tar_ittp_A2_4,tar_ittp_A2_5,tar_ittp_A2_6,tar_ittp_A2_7,tar_ittp_A2_8,tar_ittp_A3_1,tar_ittp_A3_2,tar_ittp_A3_3,tar_ittp_A3_4,tar_ittp_A3_5,tar_ittp_A3_6,tar_ittp_A3_7,tar_ittp_A3_8,tar_ittp_A4_1,tar_ittp_A4_2,tar_ittp_A4_3,tar_ittp_A4_4,tar_ittp_A4_5,tar_ittp_A4_6,tar_ittp_A4_7,tar_ittp_A4_8,tar_ittp_N1_1,tar_ittp_N1_2,tar_ittp_N1_3,tar_ittp_N1_4,tar_ittp_N1_5,tar_ittp_N1_6,tar_ittp_N1_7,tar_ittp_N1_8,tar_ittp_N2_1,tar_ittp_N2_2,tar_ittp_N2_3,tar_ittp_N2_4,tar_ittp_N2_5,tar_ittp_N2_6,tar_ittp_N2_7,tar_ittp_N2_8,tar_ittp_N3_1,tar_ittp_N3_2,tar_ittp_N3_3,tar_ittp_N3_4,tar_ittp_N3_5,tar_ittp_N3_6,tar_ittp_N3_7,tar_ittp_N3_8,tar_ittp_N4_1,tar_ittp_N4_2,tar_ittp_N4_3,tar_ittp_N4_4,tar_ittp_N4_5,tar_ittp_N4_6,tar_ittp_N4_7,tar_ittp_N4_8,Q153_First Click,Q153_Last Click,Q153_Page Submit,Q153_Click Count,similarity_1,similarity_2,similarity_3,similarity_4,similarity_5,similarity_6,similarity_7,similarity_8,similarity_9,similarity_10,similarity_11,similarity_12,similarity_13,similarity_14,similarity_15,similarity_16,similarity_17,similarity_18,similarity_19,similarity_20,similarity_21,similarity_22,similarity_23,similarity_24,similarity_25,similarity_26,similarity_27,similarity_28,similarity_29,similarity_30,similarity_31,similarity_32,similarity_33,similarity_34,similarity_35,similarity_36,Q154_First Click,Q154_Last Click,Q154_Page Submit,Q154_Click Count
66,TRUE,1,,,,,,,,,,,0,0,3.645,0,,,,,,,,,,,,,,,,,,,,,0,0,4.492,0,,,,,,,,,,,,,,0.88,4.649,8.454,2,1,2,3,4,5,6,7,8,1.26,1.26,6.068,1,,,,,,,,,,,,,,,,,,,,,,,,,,,,,,,,,,,,,,,,,,,,,,,,,,,,,,,,,,,,,,,,,,,,,,,,,,,,,,,,,0,0,1.768,0,,,,,,,,,,,,,,,,,,,,,,,,,,,,,,,,,,,,,,,,,,,,,,,,,,,,,,,,,,,,,,,,,,,,,,,,,,,,,,,,,,,,,,,,,,,,,,,,,,,,,,,,,,,,,,,,,,,,,,,,,,,,,,,,,,,,,,,,,,,,,,,,,,,,,,,,,,,,,,,,,0,0,2.569,0,,,,,,,,,,,,,,,,,,,,,,,,,,,,,,,,,,,,,0,0,2.595,0
2454,TRUE,1,3,6,5,1,6,5,2,1,6,1,2.453,30.185,31.032,14,4,5,2,5,1,4,4,2,1,4,1,2,5,1,1,5,3,1,4,5,4.939,203.566,203.87,200,5,3,4,5,4,2,5,5,3,4,1,1,5,1.32,111.041,112.776,83,Jun,Ghim,Taylor,Hami,Ina,Kroni,Gura,Fauna,14.968,198.776,203.736,5,1,3,1,5,3,7,5,7,7,1,6,2,6,7,6,4,5,7,1,2,1,2,1,7,1,1,1,7,2,3,6,5,6,2,1,3,7,7,6,7,6,7,3,1,1,6,2,5,1,7,1,5,1,2,5,7,5,1,7,3,5,6,7,1,5,7,2,5,2,5,1,7,3,1,7,6,6,5,2,2,6.225,306.109,308.163,186,4,1,5,2,4,2,4,1,4,1,5,5,5,5,4,2,4,1,4,5,4,4,1,1,2,1,3,5,1,2,2,1,1,1,1,3,3,2,4,1,4,3,4,5,5,5,5,4,4,4,1,2,2,4,2,5,1,1,1,4,1,4,1,4,1,1,1,4,2,2,3,1,5,3,5,2,5,4,3,2,1,1,1,3,1,4,3,4,2,4,2,3,1,4,4,4,5,5,5,5,5,4,5,3,1,1,1,5,1,4,4,1,1,2,1,5,1,5,4,4,5,5,5,5,5,5,5,5,1,1,1,2,1,1,1,1,1,2,1,2,1,3,4,4,1,3,1,5,5,5,5,5,5,5,5,2,5,5,5,5,6.701,1252.871,1257.512,437,5,5,2,3,3,4,2,2,1,1,2,1,5,1,5,2,2,1,5,1,2,1,2,2,1,5,5,4,5,5,4,1,3,3,3,4,4.636,130.771,131.801,58
2298,TRUE,1,6,5,5,3,5,3,4,2,3,4,12.004,64.719,66.841,12,4,4,3,3,3,3,4,4,3,5,4,4,4,5,5,5,4,4,4,5,3.351,331.579,334.357,22,4,4,4,4,4,3,3,3,2,4,2,3,4,62.663,170.244,171.142,17,Melissa Y,Henry C,Jessie W,Hong W,Angela W,Mia H,Cathy W,Noelle L,37.602,473.631,482.887,12,4,5,4,4,4,4,4,6,3,2,3,3,4,3,3,4,6,5,5,4,5,5,4,5,3,3,4,4,3,3,4,3,5,5,5,4,5,4,4,6,4,4,3,4,3,4,4,2,4,5,4,4,4,5,4,4,3,3,4,5,5,3,5,5,4,5,4,3,3,4,4,3,5,4,4,5,4,5,5,3,15.083,408.46,415.729,96,4,3,4,3,4,4,3,4,4,4,4,4,4,4,4,4,3,3,3,3,3,3,3,3,3,3,3,3,3,3,3,3,3,3,3,3,3,3,3,3,5,3,4,3,3,3,3,3,4,3,4,3,3,3,3,3,2,2,2,2,2,2,2,2,2,2,3,2,3,2,2,2,3,3,3,3,3,3,3,3,3,3,3,3,3,3,3,3,3,3,3,3,3,3,3,3,4,3,3,3,4,3,3,3,4,4,4,4,4,4,4,4,4,4,4,4,4,4,4,4,4,4,5,4,5,4,4,4,4,4,4,4,4,4,4,4,3,3,3,3,3,3,3,3,4,3,3,3,4,3,3,3,3,3,4,4,4,4,3,4,17.676,462.093,474.009,195,2,1,2,3,2,2,1,1,1,1,2,1,2,1,3,1,1,3,3,2,2,1,1,1,2,3,2,2,4,4,4,2,3,2,2,2,8.912,180.726,182.516,42
5762,TRUE,1,6,7,3,6,7,4,6,6,2,3,4.813,149.061,150.314,26,4,5,3,1,1,4,1,5,1,4,3,4,4,5,5,5,5,5,5,4,16.558,836.813,838.53,21,4,4,4,3,4,3,4,4,4,3,2,3,4,78.601,186.327,187.166,15,Steven L,Vivian C,Cyrus C,Bonnie H,Quintin L,James C,Amber Lee,Cathy Lee,22.641,189.112,213.062,18,6,6,7,2,2,3,3,5,7,6,7,5,5,6,4,3,6,3,4,3,6,6,6,7,7,3,3,5,4,5,2,2,7,7,7,3,3,3,4,2,5,1,1,7,6,6,6,6,2,5,5,6,7,5,6,7,7,6,7,7,6,1,4,1,1,3,3,2,3,5,4,7,6,3,3,3,5,6,6,7,142.887,712.091,713.029,98,5,2,4,4,4,4,2,1,5,2,4,4,4,2,3,1,3,2,2,2,3,4,2,2,5,2,4,2,2,2,2,1,5,3,3,3,3,4,3,4,5,3,4,4,4,4,3,4,4,1,2,2,2,4,1,1,4,2,4,3,3,4,2,2,3,1,2,1,1,1,1,1,3,4,5,3,4,3,2,2,3,1,4,2,2,1,2,1,2,2,5,2,4,4,1,1,4,2,4,3,4,4,2,1,5,5,5,5,4,5,3,2,2,2,3,4,4,3,3,4,4,3,4,4,4,3,3,5,5,3,4,3,4,4,2,2,5,3,3,4,4,5,2,2,5,3,4,4,4,5,3,2,5,2,3,4,3,5,3,1,1095.534,2624.977,2625.781,188,2,3,1,1,3,1,1,4,3,1,1,2,1,2,2,2,2,1,5,2,2,2,1,2,1,2,1,3,5,3,4,3,2,2,2,1,9.526,799.159,799.621,40
969,TRUE,1,6,2,7,6,5,1,6,1,6,1,5.18,41.611,42.52,16,3,4,4,4,5,5,4,5,5,5,5,5,5,5,5,5,4,3,5,3,3.689,100.855,101.649,29,4,4,4,4,4,4,4,4,4,4,4,3,4,2.715,46.597,47.272,17,Jaydon,Dad,Alivia,Mom,Kennedy,Ella,Nidhi,Shan Shan,3.616,73.03,73.519,17,7,7,6,2,7,6,7,1,5,4,7,2,5,3,6,7,7,6,7,7,7,7,1,7,7,4,7,5,4,5,5,3,7,5,5,4,6,6,6,4,2,6,1,7,2,4,1,2,7,7,4,7,7,7,4,1,1,2,1,5,2,1,7,1,7,7,6,5,7,7,1,7,1,1,3,1,1,1,1,1,5.073,168.104,168.935,98,2,3,5,2,3,2,4,3,5,3,5,4,3,4,5,3,5,3,5,2,3,3,3,2,4,3,5,3,4,3,3,3,1,2,5,3,3,4,2,2,2,3,1,2,1,2,3,3,4,2,5,1,3,4,1,3,4,3,5,1,3,1,1,1,2,2,5,1,3,2,2,2,5,3,5,1,4,1,5,1,1,3,3,3,3,3,3,2,5,5,5,5,5,5,5,5,5,5,5,5,5,5,5,5,5,5,5,5,5,5,5,5,4,5,5,5,3,4,5,5,5,5,5,5,5,5,5,1,2,2,4,2,3,4,4,3,2,1,3,2,2,1,2,2,5,5,5,5,5,5,5,5,1,4,5,3,5,4,5,4,4.072,371.867,372.266,179,2,2,1,3,3,4,1,2,1,1,2,4,1,1,2,1,2,1,2,4,1,1,3,1,1,1,1,3,5,3,4,2,3,3,2,1,3.169,102.17,103.116,39
2334,TRUE,1,2,5,6,5,3,5,6,2,5,2,9.165,100.013,100.997,13,3,3,2,2,2,4,3,4,1,4,2,3,4,3,3,4,1,2,4,1,51.418,444.766,453.535,25,4,3,3,3,4,4,1,4,1,3,3,3,3,15.426,165.378,166.506,13,jason h,nate s,alyssa ,jasper a,barnes ,rick s,pete d,terry s,7.275,225.99,253.868,24,2,1,5,7,6,2,6,6,1,2,1,3,3,6,6,6,5,3,7,5,6,7,3,5,1,3,1,7,2,2,6,4,3,2,3,5,6,7,5,1,7,6,4,1,2,2,2,1,6,5,6,7,6,3,2,2,2,5,1,5,2,2,6,4,7,6,7,5,5,4,3,4,2,3,1,2,3,3,5,5,23.966,435.83,437.454,104,2,2,1,2,2,4,4,4,1,1,1,2,4,3,5,4,1,3,1,2,2,3,4,4,2,4,2,3,3,5,5,4,1,2,2,1,3,4,4,4,3,2,3,3,3,4,4,5,4,1,3,2,4,5,5,3,3,1,4,4,2,5,4,5,2,1,1,1,2,2,3,2,3,2,2,4,2,4,5,4,1,1,2,3,2,4,4,4,2,2,3,2,3,4,4,4,1,1,3,2,3,4,5,5,4,3,5,4,5,1,2,1,2,1,2,3,3,4,4,4,4,2,4,5,4,2,1,2,1,1,1,1,2,2,3,3,1,2,2,1,1,3,3,3,4,1,4,4,4,5,5,2,1,3,2,1,1,4,5,5,32.513,627.692,629.001,168,3,4,3,3,2,1,1,2,3,3,1,1,1,2,4,1,1,1,4,1,1,1,3,2,2,3,4,4,5,3,3,2,3,2,1,1,15.494,202.232,203.276,41
1341,TRUE,1,3,2,6,4,5,6,6,1,4,5,4.093,30.503,31.679,12,4,4,3,3,3,4,4,5,2,3,2,3,4,4,3,5,2,2,3,3,10.095,102.76,104.227,20,4,3,4,3,4,4,3,4,1,4,4,1,4,6.45,70.742,71.433,14,Dayna N,Heather M,Nelson L,Michelle B,Kaili C,Lois A,Anna C,Emily F,9.2,105.689,117.223,9,2,5,6,1,6,3,1,5,2,5,5,3,5,6,2,5,6,5,3,6,4,4,5,5,3,3,2,3,2,2,6,5,6,6,6,2,7,4,3,5,6,2,2,6,2,2,7,5,6,6,5,4,5,3,4,6,2,4,2,3,5,4,3,4,6,5,3,4,3,4,5,4,4,3,2,5,3,5,5,3,5.719,381.755,382.835,91,2,2,3,3,2,3,3,2,2,1,2,3,2,2,3,1,2,2,2,1,2,3,1,2,2,2,1,2,3,2,3,1,2,2,2,1,3,2,2,2,2,2,3,3,3,1,2,1,2,2,4,3,3,1,3,2,1,2,3,2,4,1,3,2,2,1,1,1,1,2,4,1,2,2,3,1,3,1,1,1,2,1,3,2,3,1,1,2,1,1,2,1,2,1,1,1,1,1,2,2,1,1,1,1,2,1,2,4,2,1,1,1,2,1,3,4,3,3,1,2,1,1,2,1,1,1,1,1,2,1,1,1,1,1,3,2,3,1,4,1,3,2,1,2,1,1,1,1,1,1,1,1,1,1,1,1,2,1,1,1,8.123,411.288,413.055,173,2,2,2,2,2,2,3,2,1,3,2,2,2,2,4,3,1,2,1,3,3,1,3,2,2,1,1,1,4,2,2,2,3,2,2,2,8.427,155.475,156.384,39
2536,TRUE,1,6,6,5,5,6,2,3,4,3,2,5.035,31.767,32.667,10,3,4,4,4,4,3,4,2,2,4,2,3,4,2,4,5,4,3,3,3,11.662,202.798,203.76,20,4,4,4,2,4,4,4,4,1,4,4,1,4,17.054,117.1,118.226,14,Conquistador ,Sue ,Jalpo ,Goopy ,Graber ,Burgerbutt,Earheart ,Nana,12.451,349.52,464.951,15,5,4,3,5,5,6,1,5,6,4,1,6,4,6,2,5,7,5,6,5,3,6,2,6,5,5,4,5,6,4,6,6,6,5,5,6,5,7,2,5,2,3,6,4,4,3,6,4,3,4,6,5,6,4,4,6,1,2,3,3,5,2,5,3,2,4,4,3,2,5,4,4,2,4,3,3,3,3,4,3,22.195,285.129,285.866,83,5,3,1,2,2,2,3,2,5,2,1,2,2,1,4,2,3,2,1,2,2,2,4,2,4,3,2,4,4,2,4,3,1,1,2,3,4,2,4,2,1,1,1,3,5,2,5,2,2,1,1,3,5,2,4,2,4,1,2,5,4,1,1,4,1,1,3,3,3,1,4,2,4,1,2,3,2,4,3,4,3,1,3,4,3,1,2,3,2,1,1,2,2,4,4,2,3,1,1,3,3,4,4,3,4,1,1,4,3,1,3,3,2,1,1,2,3,1,4,2,3,1,1,3,3,2,3,2,3,1,2,3,4,1,3,3,4,1,2,3,3,1,4,1,4,2,1,4,4,1,3,3,4,1,2,4,3,1,4,3,18.228,761.285,762.02,175,4,2,3,1,4,1,2,2,1,1,2,1,2,2,4,2,2,3,2,3,1,3,1,1,2,1,2,2,5,3,3,3,2,3,1,3,87.233,287.141,287.988,36
1002,TRUE,1,2,2,6,7,2,7,5,1,4,2,2.979,29.766,30.851,10,5,5,5,5,5,5,5,5,5,5,5,2,3,5,5,5,3,3,5,5,5.973,107.342,109.542,30,4,3,5,5,3,2,5,3,2,5,2,2,5,8.045,84.403,85.21,22,Court K,Mel B,Todd B,Luke B,Gav E,Maya K,Joe C,Chris A,12.659,106.409,113.874,17,6,2,7,2,2,2,2,2,2,5,1,6,6,2,1,5,7,5,7,7,1,7,7,7,1,7,4,4,3,2,2,5,6,5,5,5,1,2,5,2,1,5,1,4,6,5,2,5,6,3,6,4,2,6,5,2,1,2,2,1,7,1,1,1,7,1,1,5,5,6,5,5,2,4,2,2,4,2,2,2,7.973,224.47,225.332,100,1,2,1,2,1,1,1,1,5,5,5,5,5,5,5,5,5,5,5,5,5,5,5,5,5,5,5,5,5,5,5,5,5,5,5,5,5,5,5,5,5,5,5,5,5,5,5,5,5,5,5,5,5,5,5,5,5,5,5,5,5,5,5,5,5,5,5,5,5,5,5,5,5,5,5,5,5,5,5,5,5,5,4,4,5,5,5,4,5,5,5,5,5,5,5,5,4,4,5,5,5,4,4,5,5,5,5,5,5,5,5,5,5,5,5,5,5,5,5,5,5,5,5,5,5,5,5,5,5,5,5,5,5,5,5,5,5,5,5,5,5,5,5,5,5,5,5,5,5,5,5,5,5,5,5,5,5,5,5,5,12.864,237.01,240.84,176,1,2,3,1,1,1,1,1,3,1,1,1,3,4,4,1,4,1,3,3,3,2,1,1,1,1,1,2,5,2,4,5,2,5,3,2,5.407,135.57,136.583,43
1411,TRUE,1,2,1,6,4,4,6,6,2,7,2,7.469,27.215,28.316,10,2,2,2,2,1,3,2,1,1,4,1,2,3,3,4,4,2,2,3,4,9.251,109.294,111.102,21,4,4,2,2,4,4,4,5,2,4,4,2,3,9.485,65.127,65.7,16,brother,dad,mom,grandpa s,vishwa,krish,aunt shilpa,brooke,2.32,170.024,192.897,16,4,5,4,7,6,5,7,6,3,3,2,6,7,2,6,6,3,2,7,7,5,2,6,5,4,4,2,4,3,4,3,6,4,6,6,7,7,4,7,6,6,4,4,1,1,5,1,3,7,4,7,7,5,7,6,4,5,4,4,1,5,4,2,4,5,3,7,3,4,4,2,2,4,4,4,3,4,4,4,4,7.849,236.673,239.154,93,3,1,1,4,1,2,4,4,2,3,1,4,2,1,4,4,1,1,1,1,1,1,1,2,2,2,4,5,2,2,5,4,1,1,5,3,3,1,5,1,3,3,2,2,3,3,3,3,1,2,4,4,2,3,4,2,2,2,3,3,3,1,3,2,1,1,4,4,4,1,4,1,2,2,2,3,4,2,2,4,1,1,4,4,4,1,4,1,1,1,4,5,4,1,5,2,2,2,3,3,3,2,3,3,3,2,4,5,4,1,5,5,2,2,3,3,3,2,3,3,2,2,5,5,4,2,5,3,1,1,3,3,2,1,3,3,2,2,2,2,2,2,2,2,2,2,3,5,2,2,5,3,2,2,1,2,3,1,2,3,11.645,502.054,504.319,210,3,3,2,2,4,2,1,2,3,2,3,1,1,2,2,3,1,1,3,1,3,4,2,2,2,2,1,4,5,3,4,2,2,4,2,2,12.012,150.233,151.571,39
1209,TRUE,1,5,2,6,3,5,5,5,2,5,2,9.594,30.594,31.666,13,3,3,2,3,2,2,2,3,1,4,2,3,3,2,3,3,1,1,2,1,5.645,112.315,112.957,26,4,5,3,2,4,3,3,4,0,4,4,2,4,11.344,74.542,75.698,14,Shane M,Jen W,Sun H,Ting F,Ryan G,Nick M,Kat K,Emma R,8.189,102.066,149.533,8,1,4,7,4,5,6,5,7,5,5,6,4,5,6,7,5,5,4,6,5,6,6,2,4,5,3,5,3,4,4,7,5,2,6,7,6,6,7,3,6,6,2,1,3,1,1,1,1,5,4,6,3,5,6,2,3,2,5,3,5,4,2,5,5,4,5,4,5,5,6,2,3,4,2,2,2,2,2,3,2,4.088,252.68,253.965,86,4,2,3,3,3,2,3,4,3,2,2,2,2,2,3,3,3,2,2,2,2,1,4,2,1,1,1,1,1,1,1,1,3,1,1,1,1,1,1,1,1,2,3,1,2,2,3,3,2,2,2,2,3,2,3,3,3,2,2,2,2,3,4,4,1,1,1,1,1,1,1,1,3,2,4,2,2,3,5,3,2,2,1,1,1,2,3,4,3,2,3,2,2,3,5,4,5,3,3,3,2,4,5,4,3,3,4,3,3,3,5,5,2,2,4,2,2,3,5,3,3,3,4,3,3,4,4,5,2,2,2,2,2,2,4,3,2,1,1,1,1,1,3,2,3,2,3,2,2,2,4,3,2,2,3,2,2,2,5,4,9.777,338.677,339.216,182,2,2,2,3,2,1,1,1,3,2,4,2,2,3,3,3,1,2,3,1,1,1,2,1,1,,1,4,4,2,4,2,3,4,1,1,13.623,114.088,114.853,37
1309,TRUE,1,2,1,7,5,4,6,6,1,5,3,6.126,71.138,72.143,10,3,4,3,3,5,3,2,3,1,4,1,3,4,5,4,5,2,2,5,1,10.068,183.285,184.446,22,4,3,3,4,4,3,4,4,2,4,3,3,4,12.416,115.29,118.295,13,Jason C.,Nicole G.,Terrie S.,Mina S.,Tamara P.,Maureen P.,Ashley C.,Nasandra W.,13.508,56.588,72.196,7,4,6,6,7,6,4,6,1,5,2,2,5,4,3,4,7,7,6,6,6,6,6,5,1,1,2,2,2,2,3,6,7,5,6,6,7,7,4,5,1,5,3,2,3,3,3,6,1,7,7,7,7,7,7,7,1,2,2,2,2,2,4,4,7,7,4,5,3,3,3,4,1,5,3,4,5,5,3,5,7,15.834,234.856,235.243,87,2,2,2,3,2,4,2,5,4,2,3,3,2,3,3,5,2,2,3,3,2,3,4,5,5,4,5,4,3,4,4,5,3,3,4,4,4,4,4,5,4,4,5,3,3,4,3,5,3,2,3,3,2,4,4,5,1,3,2,1,1,2,2,5,1,1,1,1,1,1,1,5,4,3,3,2,4,5,2,2,1,1,1,1,1,1,1,1,3,2,3,2,2,3,2,1,3,4,3,4,3,4,4,1,4,4,3,3,3,4,2,1,3,3,3,4,3,4,3,1,4,4,4,4,4,4,4,1,1,1,1,1,1,1,1,1,1,3,2,2,2,3,4,1,2,5,5,5,5,5,5,1,3,2,3,3,3,2,2,5,15.097,399.984,401.485,164,3,4,3,3,4,1,1,3,3,2,4,2,1,3,2,3,1,1,5,3,2,1,3,1,1,1,1,2,5,3,4,4,4,4,3,1,6.943,84.416,85.385,36
1079,TRUE,1,5,5,5,7,6,2,7,2,4,2,6.994,34.686,36.212,11,5,4,3,3,1,5,4,5,2,4,2,1,5,4,4,5,1,4,5,1,13.019,133.575,136.479,30,4,4,5,3,4,5,5,4,1,4,4,1,4,14.417,71.97,73.19,16,Aruna V,Sophie N,Aaron R,Bharwadwaj V,Amishi S,Ishan G,Julian J,Koby G,9.217,83.798,87.638,14,6,2,6,4,4,7,2,3,6,6,6,2,3,2,4,2,7,5,2,7,6,6,4,5,7,5,6,2,3,4,3,2,5,4,4,6,4,7,7,5,3,6,3,4,5,3,5,6,7,6,2,7,7,4,6,6,2,6,6,2,5,4,4,6,3,4,2,6,5,3,6,6,5,5,1,1,1,4,2,4,17.54,252.772,253.526,85,4,5,5,3,4,2,2,1,5,4,5,3,5,3,2,2,2,2,2,2,2,2,2,2,2,4,2,3,2,3,4,2,1,2,2,1,2,1,1,2,5,5,5,5,5,5,5,5,4,3,2,2,4,4,3,3,4,2,1,5,2,2,2,3,2,1,1,2,2,2,1,1,5,5,5,5,5,5,5,5,5,5,5,5,5,5,5,5,5,5,5,5,5,5,5,5,5,5,5,5,5,5,5,5,5,5,5,5,5,5,5,5,5,5,5,5,5,5,5,5,5,5,5,5,5,5,5,5,2,2,2,2,2,2,2,2,3,3,3,3,3,3,3,3,5,2,5,2,5,2,2,4,2,2,4,2,4,3,3,3,11.614,293.981,295.338,184,2,1,4,5,3,2,1,2,2,3,4,1,3,1,1,3,2,1,4,1,2,3,1,3,2,2,4,2,5,3,4,4,5,3,2,3,4.237,115.103,116.119,43
1655,TRUE,1,5,5,7,4,5,4,6,3,5,4,7.692,38.347,39.808,10,3,3,2,2,2,3,3,2,1,3,2,2,4,3,4,5,1,1,2,1,16.963,199.03,200.584,28,4,3,2,1,2,3,1,4,3,4,2,2,4,9.836,90.21,93.893,16,bryan,dave,nick,ski,keener,tran,pab,daig,14.8,141.545,154.148,5,5,5,5,7,7,5,7,2,4,6,3,2,7,7,7,7,7,7,5,4,5,3,1,1,2,4,4,5,6,5,6,6,6,3,6,6,4,6,2,2,4,5,5,3,3,2,3,6,7,6,6,7,4,3,5,1,1,1,1,4,4,5,6,7,7,6,5,6,6,6,2,1,2,3,2,2,2,5,5,5,13.335,316.674,318.762,85,1,4,1,3,3,4,5,5,2,4,1,3,4,3,5,5,2,4,2,4,4,4,3,3,4,5,4,3,3,1,1,1,4,5,2,2,4,2,1,1,4,4,2,2,4,1,1,1,3,5,3,2,4,3,1,1,2,3,2,2,2,3,5,5,2,3,2,3,4,3,1,1,4,3,1,3,3,3,5,5,2,3,1,2,3,3,4,4,3,5,3,4,1,1,1,1,5,5,4,4,4,4,5,5,3,4,3,3,4,4,5,5,4,3,4,5,3,3,2,2,5,5,5,3,2,4,1,1,1,2,1,2,3,3,4,4,1,1,1,1,3,3,4,4,2,4,2,2,4,4,5,5,1,3,1,1,3,3,5,5,21.828,599.266,600.752,170,2,4,3,2,1,1,1,3,2,2,2,2,1,3,1,2,1,1,2,1,2,1,3,1,2,2,3,4,4,2,4,3,3,2,1,1,19.611,143.482,144.27,39
658,TRUE,1,3,4,5,4,4,5,4,3,4,5,1.639,25.121,25.851,22,2,3,3,4,3,4,4,2,2,3,2,2,4,4,3,3,4,4,3,3,2.085,77.688,78.23,60,4,2,4,1,3,3,2,2,1,3,3,2,3,0.9,51.577,52.842,40,Gavin H,MIchael C,Connor M,Jack S,Hunter E,Tanner B,Jake D,Lisa F,1.061,58.252,60.598,16,3,7,3,5,6,4,4,7,6,5,4,5,4,5,4,6,7,6,7,5,3,5,5,6,2,3,2,3,6,4,4,3,3,6,4,5,6,6,4,6,5,1,5,1,3,4,4,1,3,3,4,4,7,4,4,3,2,5,2,5,6,4,5,4,6,3,6,4,3,4,4,3,5,2,5,3,5,4,5,2,1.259,185.046,185.824,129,3,3,3,3,3,3,3,3,3,3,3,3,3,3,3,3,3,3,3,3,3,3,3,3,3,3,3,3,3,3,3,3,3,3,3,3,3,3,3,3,3,3,3,3,3,3,3,3,3,3,3,3,3,3,3,3,3,3,3,3,3,3,3,3,3,3,3,3,3,3,3,3,3,3,3,3,3,3,3,3,3,3,3,3,3,3,3,3,3,3,3,3,3,3,3,3,3,3,3,3,3,3,3,3,3,3,3,3,3,3,3,3,3,3,3,3,3,3,3,3,3,3,3,3,3,3,3,3,3,3,3,3,3,3,3,3,3,3,3,3,3,3,3,3,3,3,3,3,3,3,3,3,3,3,3,3,3,3,3,3,0.665,105.894,107.195,221,1,3,2,3,1,2,1,1,4,2,3,1,4,2,2,2,2,1,2,3,2,2,1,2,1,2,1,2,3,2,3,3,3,2,3,2,1.928,82.832,83.563,54
1679,TRUE,1,6,1,7,4,6,5,7,1,7,1,12.251,45.981,47.376,10,3,5,3,3,2,3,4,3,2,2,2,3,5,4,4,5,2,2,5,1,10.409,254.846,256.42,23,5,4,4,4,4,4,3,5,0,4,4,0,4,12.978,80.011,81.601,14,Lori T,John R,Jack S,Mike T,Kelsi R,Megan H,Xia L,Nick S,24.132,198.007,208.967,14,5,7,7,5,7,5,1,7,1,1,2,4,7,1,6,1,7,7,7,5,7,7,5,1,2,3,3,5,6,4,6,5,6,5,7,5,3,7,1,7,5,5,2,6,3,4,6,4,7,7,7,4,5,7,1,5,1,1,1,3,1,1,4,7,7,7,7,4,4,7,6,3,1,1,1,3,1,4,5,7,7.21,276.435,277.695,85,3,1,2,1,5,2,3,1,3,4,4,3,4,3,3,2,2,2,2,2,3,2,3,2,1,3,2,1,3,3,1,1,5,5,3,1,5,1,1,1,5,5,4,2,5,3,3,1,3,2,3,4,5,3,1,1,5,5,5,1,5,4,3,1,1,1,2,1,5,1,1,1,3,2,4,1,4,3,3,1,5,3,3,3,3,3,1,1,3,4,5,2,2,3,1,1,5,5,5,5,5,5,2,3,4,4,5,4,4,4,2,2,5,4,4,4,2,1,1,2,5,5,5,5,5,5,5,5,2,1,2,4,5,3,5,4,2,2,3,3,5,2,5,2,3,3,3,4,4,3,2,1,1,1,1,1,1,1,1,1,15.147,460.593,464.454,172,4,5,1,2,4,2,1,4,1,2,4,1,1,3,3,3,1,2,3,1,1,1,2,2,1,1,1,1,4,5,4,1,3,5,1,2,15.217,128.387,129.588,38
3368,TRUE,1,5,1,6,3,6,5,7,5,7,2,2.557,35.06,35.884,13,3,2,4,2,3,3,3,4,3,2,3,2,3,4,3,3,2,2,3,4,10.908,720.517,722.593,37,4,5,4,4,4,4,3,4,1,4,2,3,4,150.775,855.759,856.914,16,Shilin H,Yuqin L,Zhixuan Z,Shuyue W,Bushu A,Bushu B,Buxiang A,Buxiang B,7.357,169.884,170.329,17,6,4,5,6,2,4,4,4,2,4,4,2,2,4,6,6,6,3,5,6,7,4,3,4,6,5,4,5,3,4,6,7,7,4,6,7,5,4,3,2,5,3,6,6,6,5,2,2,7,5,6,7,5,4,3,2,5,4,6,3,4,5,3,2,3,4,6,6,7,4,3,2,2,4,4,2,3,4,5,6,6.467,437.19,438.129,99,2,3,2,4,4,4,5,3,2,3,2,4,3,3,5,2,2,2,2,3,3,2,5,4,3,2,2,4,1,2,5,4,2,2,1,4,4,3,4,3,3,3,4,4,4,3,2,4,3,3,2,3,3,2,4,5,4,3,3,4,1,3,2,5,1,3,1,3,2,3,3,4,2,3,2,3,4,3,5,1,1,2,1,1,1,2,3,3,2,3,2,3,2,2,4,3,3,2,3,2,4,3,5,4,3,3,3,3,3,3,2,5,2,3,2,3,2,2,2,4,4,3,4,4,4,4,2,5,3,2,2,2,1,2,4,4,3,3,2,3,1,2,5,4,2,3,3,3,2,3,5,4,1,2,2,2,4,2,5,4,17.115,631.443,635.889,197,3,2,2,1,3,1,1,2,2,1,3,2,1,2,1,2,1,1,1,2,1,1,1,1,2,1,1,3,4,3,3,2,2,3,1,1,12.265,188.266,188.837,43
3618,TRUE,1,5,2,5,2,5,7,5,2,7,3,4.555,44.719,45.937,13,4,5,3,1,2,4,2,2,1,5,2,2,5,5,5,5,5,3,3,1,8.716,357.728,361.686,48,5,3,5,4,4,3,5,4,0,5,2,2,5,13.739,171.959,173.517,22,SAC,KASH,SHM,MMM,LUC,BILL,HAR,LIO,3.694,309.885,335.4,10,5,6,5,2,3,4,6,6,3,1,1,6,5,3,3,4,5,7,4,5,2,4,4,1,2,1,2,6,7,2,2,7,4,6,5,3,2,4,6,4,5,6,5,2,2,2,2,1,5,6,5,1,5,5,6,6,3,3,3,5,3,3,4,5,5,6,6,2,2,3,3,3,3,2,4,2,5,5,2,2,28.149,766.746,768.614,115,2,2,2,3,4,3,4,4,4,4,5,5,5,5,5,5,3,2,3,5,4,2,3,3,2,1,2,4,4,3,4,3,2,2,2,4,5,2,3,3,2,2,2,5,4,3,4,4,2,2,2,4,4,3,4,4,2,2,2,5,2,3,3,3,2,2,2,2,2,2,4,4,2,2,2,4,2,3,2,2,1,1,1,3,3,2,4,4,2,4,4,2,3,3,3,4,5,5,5,4,5,5,4,5,5,5,5,5,5,5,5,5,4,5,4,4,5,5,5,5,5,5,5,5,5,5,5,5,4,2,3,4,2,4,2,2,3,2,3,5,3,3,2,2,2,2,2,4,2,4,3,3,3,2,2,5,1,4,1,1,21.575,1468.792,1470.153,190,3,5,1,3,4,2,1,3,1,2,3,2,1,2,2,4,2,1,3,2,2,1,1,1,2,3,1,4,5,4,5,1,3,4,2,1,20.233,305.907,306.299,48
1906,TRUE,1,2,5,6,7,1,6,6,3,5,1,9.199,73.018,77.853,11,3,5,2,4,2,5,3,2,1,5,5,5,3,5,5,5,1,1,4,2,12.632,148.168,149.104,22,1,2,1,4,1,3,1,3,4,2,3,4,3,17.299,140.241,142.037,16,Mae W,Tom C,Cori G,Shannon B,Megan G,Shawn H,Mike P,Garrett R,7.674,124.625,131.325,12,3,1,2,7,6,1,5,7,2,5,2,7,5,5,7,7,5,5,7,2,7,6,1,1,7,7,4,7,5,6,2,2,5,2,2,4,3,5,1,1,5,6,6,1,2,5,1,1,7,6,5,2,1,5,1,1,3,2,1,1,1,3,7,5,3,5,5,1,6,5,1,4,5,1,5,2,5,5,5,7,7.856,389.345,397.36,88,5,4,2,3,2,3,5,4,4,5,2,4,2,5,3,1,2,2,5,2,5,1,2,5,5,3,5,5,5,4,3,5,1,4,3,2,5,3,1,1,2,5,3,2,5,4,2,4,2,4,4,2,5,5,2,2,5,5,1,5,3,1,4,2,1,1,1,5,1,1,4,5,3,5,4,3,4,5,1,2,5,5,3,4,1,4,4,5,4,4,5,5,5,4,1,2,3,4,2,5,3,5,2,2,5,5,2,5,5,5,5,5,4,4,4,2,3,4,1,1,5,5,5,3,5,4,2,2,1,1,1,1,3,3,4,5,4,4,3,2,2,3,2,3,5,5,4,5,3,3,4,2,1,2,1,1,2,4,2,4,14.663,707.628,712.095,176,3,3,1,1,3,1,1,3,2,2,3,1,1,1,2,4,1,1,1,1,3,2,2,1,1,1,1,4,4,4,3,2,1,3,1,1,10.952,184.465,186.186,37
1500,TRUE,1,3,4,7,4,4,5,7,2,4,5,5.454,37.167,38.083,11,5,5,2,4,1,5,4,5,1,4,3,2,5,5,5,5,3,5,5,1,10.43,135.099,136.157,24,4,1,2,2,4,4,1,3,1,4,1,4,4,11.005,90.231,91.157,14,kam,liver,bird,jules,kirsty,cars,maris,linds,7.978,11.669,98.83,2,7,2,6,7,7,1,3,7,1,1,3,6,6,1,7,6,7,7,7,5,5,7,2,3,1,3,4,3,5,5,4,7,7,6,6,7,6,2,4,6,1,7,2,1,2,7,3,1,7,7,5,5,5,7,2,5,5,1,2,4,4,1,4,4,7,6,6,5,2,3,2,1,2,4,4,3,2,4,4,4,11.31,279.529,280.836,89,5,2,4,4,3,1,3,4,4,2,4,3,2,2,3,5,1,1,2,2,4,1,3,4,4,4,3,1,1,4,1,1,1,4,3,3,5,4,1,3,5,5,5,4,5,3,4,5,1,5,4,3,4,5,3,4,5,3,3,5,4,3,5,3,1,1,1,2,1,1,2,1,1,3,4,1,1,4,5,1,3,4,3,3,4,5,2,3,1,3,4,1,2,5,4,1,3,5,4,3,2,5,3,5,1,5,2,4,3,5,2,4,5,5,5,4,2,5,2,2,5,5,4,5,3,5,2,2,5,1,3,3,1,1,4,2,3,2,4,4,5,4,4,4,3,3,3,4,5,3,5,5,5,3,3,2,2,3,3,2,18.824,529.218,530.753,192,3,2,4,2,3,1,3,3,2,2,4,1,1,2,3,3,1,3,4,1,5,2,1,2,2,1,1,4,4,5,4,2,2,5,1,2,4.836,176.102,180.4,45
4314,TRUE,1,5,2,7,7,6,3,6,3,5,2,2.493,23.989,24.796,11,3,5,4,1,5,2,2,5,2,5,2,4,5,5,5,5,2,2,3,1,7.103,107.838,109.789,26,4,4,4,5,5,3,4,3,4,3,3,1,4,4.063,64.965,65.949,23,Ryan L,Megan G,Greg G,Karen G,Jodie K,Beth R,Luke L,Alexis C,1.405,63.26,78.31,9,6,6,7,1,4,4,1,5,2,5,2,6,2,5,5,6,5,5,5,7,5,7,2,3,5,6,7,1,6,3,2,6,7,5,5,3,3,6,3,6,1,2,1,7,5,3,5,2,6,5,6,3,7,5,1,3,3,5,3,1,1,5,2,6,6,5,3,7,5,6,3,3,2,3,2,6,6,3,5,2,4.451,247.521,249.635,88,5,3,4,2,2,2,3,4,5,5,5,5,5,5,5,5,5,2,4,5,3,4,3,4,3,5,2,5,2,3,2,4,5,3,5,5,2,4,2,2,5,4,5,2,2,3,4,4,4,5,4,4,3,2,4,3,5,5,4,3,2,2,5,4,5,3,5,2,1,3,4,4,5,4,5,3,5,4,4,3,3,5,5,4,3,4,2,4,4,5,5,4,4,3,3,5,3,3,4,2,4,2,4,5,5,4,5,4,5,5,5,5,2,2,5,1,3,2,1,2,5,5,5,5,5,5,5,5,1,1,2,5,3,3,4,2,1,2,1,4,2,2,4,2,5,2,4,2,2,3,5,3,2,2,2,4,2,3,4,4,12.375,1342.642,1343.627,178,4,4,2,2,2,1,4,3,3,2,4,1,2,4,4,3,1,2,4,2,4,1,3,2,1,3,3,1,5,4,5,3,3,3,1,3,67.493,247.147,248.409,38
1795,TRUE,1,3,4,7,7,7,6,5,2,4,1,4.214,54.08,55.376,13,5,4,2,3,4,5,1,3,1,3,1,5,3,3,4,4,1,4,3,2,8.688,222.403,223.448,20,4,3,1,5,2,3,1,4,4,4,1,1,4,43.209,132.164,133.451,15,Sahar T,Hannah A,Lydia A,Audrey A,Mariah M,Sarah M,Sarah R,David A,17.733,303.1,320.289,18,5,4,5,4,7,3,5,7,4,4,4,4,4,4,4,7,7,6,4,2,2,5,5,5,2,4,4,5,2,6,1,6,6,4,6,4,6,4,6,5,2,4,4,2,1,4,2,1,6,7,6,2,3,6,5,4,1,2,2,5,5,4,2,5,4,6,7,2,4,4,6,2,1,2,1,7,7,5,2,2,9.941,327.407,330.549,96,3,2,2,3,2,2,2,3,2,2,2,2,2,2,2,2,3,3,3,3,3,3,3,3,2,3,2,2,2,3,3,2,5,3,3,2,2,2,2,2,3,3,3,3,3,3,3,3,4,3,3,3,3,3,4,3,3,3,3,3,2,3,3,3,3,4,4,4,3,3,3,4,2,2,2,2,2,2,3,2,3,3,3,3,3,3,3,3,5,4,2,2,1,2,3,1,3,3,3,3,3,3,3,2,3,3,3,3,3,3,3,3,2,3,2,3,2,3,3,3,3,2,3,3,3,3,3,2,2,2,3,3,3,3,3,3,3,3,2,3,2,2,3,2,2,2,3,3,3,3,2,3,2,2,3,3,3,3,2,3,21.269,179.592,184.943,176,3,4,3,3,4,2,2,3,3,3,4,2,2,3,3,3,3,2,3,2,2,2,2,1,4,3,2,2,3,3,5,3,2,4,2,1,11.607,139.866,141.563,40
1586,TRUE,1,6,1,7,5,7,2,7,1,6,2,41.111,89.58,91.992,14,5,5,4,5,4,5,5,5,3,5,4,4,5,5,5,5,3,3,5,3,6.612,146.163,147.613,26,5,3,4,5,5,4,3,4,3,3,3,3,3,20.42,81.649,83.441,14,PD,HD,CK,MS,AM,BM,Brutus,Buckeye,17.504,171.963,182.325,9,7,7,4,6,7,7,4,4,1,2,1,1,5,1,4,4,7,4,7,6,4,6,4,4,1,1,6,3,6,3,4,4,7,7,6,6,5,5,4,4,1,3,3,3,3,1,4,4,7,7,6,6,6,7,4,4,5,5,2,3,1,5,4,4,7,5,3,5,3,3,4,4,1,2,2,1,3,2,4,4,15.456,345.805,350.68,100,3,3,4,3,5,3,3,3,3,3,4,3,4,4,3,3,3,3,4,3,4,4,3,3,3,3,4,4,4,4,2,2,1,1,2,2,2,3,3,3,3,3,4,3,5,4,2,2,2,2,2,3,4,3,2,2,3,3,2,2,4,2,2,2,2,2,3,2,4,3,2,2,3,2,2,2,4,4,2,2,2,2,2,2,4,4,2,2,4,4,5,4,5,5,3,3,3,3,4,3,4,4,3,3,5,5,5,5,5,5,5,5,5,5,5,5,5,5,5,5,5,5,5,5,5,5,5,5,3,2,2,2,4,3,2,3,2,2,2,2,2,2,2,2,5,5,5,5,5,5,5,5,4,4,3,4,4,4,3,3,13.3,450.098,452.083,199,5,2,2,1,2,1,1,1,2,1,1,1,1,1,1,1,1,1,1,1,1,1,2,1,,1,1,2,2,2,3,4,2,2,1,1,8.035,119.363,120.686,41
1833,TRUE,1,3,5,6,5,5,6,5,4,4,4,3.841,51.585,52.672,16,3,4,3,3,2,4,2,3,3,4,4,2,3,2,4,5,4,3,2,3,8.843,210.013,211.876,31,3,2,3,4,1,2,3,1,2,2,2,1,3,9.941,149.656,151.323,18,April H,Jerry R,Lorenzo C,Cole B,Jason H,Kyle M,Emily P,Liam N,25.32,98.438,120.636,9,5,2,3,5,4,5,5,3,5,6,7,4,5,4,5,6,6,6,6,3,4,5,2,6,2,3,5,5,6,4,6,3,5,5,2,6,6,5,6,4,5,6,7,1,2,3,3,5,6,2,2,6,3,3,3,2,1,3,3,6,5,3,6,2,5,5,5,2,2,5,3,6,6,2,6,2,4,5,3,6,5.907,328.294,329.334,108,1,3,3,4,4,2,4,1,3,4,3,3,5,3,4,3,3,4,4,2,3,3,2,4,4,3,5,2,3,4,2,4,4,4,4,2,3,3,1,4,3,3,3,3,4,4,5,4,4,2,4,2,2,3,1,4,3,2,2,3,5,2,4,1,2,2,4,3,4,2,3,3,3,4,1,4,4,3,2,1,2,3,4,4,4,4,4,4,4,3,3,4,3,2,2,2,4,4,3,4,2,4,2,4,4,4,2,4,4,3,4,2,4,4,4,4,4,3,3,3,4,4,4,4,4,4,4,5,4,3,4,4,4,3,3,3,4,3,4,3,4,2,3,2,4,4,4,4,4,3,4,3,2,3,4,3,3,4,3,4,20.196,635.641,638.554,206,3,2,1,1,3,1,1,1,3,2,3,2,1,2,1,2,3,3,3,1,4,2,2,4,1,1,2,1,4,4,3,4,2,3,1,3,9.99,207.935,209.044,51
1488,TRUE,1,6,2,2,5,6,2,7,3,3,2,5.682,30.707,31.402,11,4,4,1,3,1,2,1,4,4,4,4,4,4,5,2,4,3,3,5,2,6.152,123.315,124.277,23,4,5,4,3,4,3,4,3,1,4,3,1,4,10.708,100.18,100.484,17,Ria,Brannigan,Ron,Kailee,Autumn,Kylie,John,Sas,39.302,103.262,161.091,12,5,7,7,2,4,5,3,4,1,2,3,7,2,1,5,6,6,5,5,2,4,6,5,2,2,4,4,7,3,2,3,6,7,7,7,3,5,7,2,4,2,2,1,6,3,6,4,2,7,6,5,1,5,7,2,2,2,3,2,6,4,1,5,6,5,3,5,1,5,7,3,2,1,1,3,4,3,1,4,2,6.718,197.965,198.795,83,3,4,2,5,2,3,1,4,3,3,3,4,3,3,3,4,1,2,3,2,4,1,5,2,4,2,3,4,2,4,2,2,3,2,2,2,2,4,2,3,2,2,2,3,3,2,1,2,3,2,2,1,2,3,2,2,2,2,3,1,4,3,1,2,2,3,3,2,4,3,4,3,4,4,4,4,4,4,4,4,4,4,4,4,3,4,2,1,3,2,3,3,3,4,4,2,4,3,3,4,4,4,4,4,4,4,4,1,4,3,2,3,3,3,3,4,3,3,2,4,4,4,4,2,4,4,1,4,2,2,3,5,2,2,3,4,2,2,3,5,4,2,2,3,4,4,4,3,4,4,2,4,2,2,4,5,2,2,4,3,10.691,666.224,666.562,205,4,3,1,2,5,1,2,3,1,2,4,1,1,1,2,3,2,1,2,1,2,4,3,4,2,2,1,4,5,5,4,3,3,5,1,2,4.771,104.8,105.101,43
1009,TRUE,1,7,1,7,1,7,1,7,1,7,1,5.44,35.079,36.513,11,3,4,3,3,3,3,3,3,3,3,3,3,3,3,5,5,3,3,3,3,17.702,190.173,191.271,24,5,5,5,0,5,5,5,5,0,5,5,5,5,20.602,128.772,129.263,15,Jacob B. ,John H. ,Mike R. ,Harvey S. ,Jessica P. ,Luke L. ,Nick K. ,Ross M. ,5.346,127.879,130.241,8,5,6,7,2,1,3,4,4,3,4,1,5,4,2,2,6,6,2,4,4,3,4,5,6,5,3,3,2,7,4,1,3,6,3,5,4,5,3,6,1,5,4,5,3,2,3,3,5,5,6,4,1,6,2,3,5,3,5,3,6,5,2,3,5,7,2,2,3,6,4,7,5,5,4,3,5,6,1,5,2,28.599,192.888,195.182,108,3,3,3,3,3,2,5,4,5,3,4,5,3,2,2,5,3,4,3,1,1,2,2,1,3,2,5,2,4,3,2,3,4,4,2,3,3,3,2,3,5,3,4,1,1,4,2,4,4,4,3,3,2,2,4,3,2,2,3,4,3,4,3,2,5,4,2,3,4,4,3,5,3,2,4,4,3,3,2,4,2,4,4,5,2,5,5,3,4,5,4,3,4,2,3,5,3,5,3,4,3,3,5,2,3,2,4,4,3,4,2,4,4,2,4,1,3,4,2,2,4,3,1,4,4,3,5,5,4,4,3,5,5,3,3,4,4,3,3,3,4,5,4,4,5,3,3,2,2,4,3,2,5,2,5,1,3,4,4,3,3.568,204.231,207.317,233,3,4,2,4,5,2,2,3,5,4,3,3,2,1,5,2,4,4,2,5,3,3,2,3,1,4,,2,4,3,3,1,2,3,2,2,8.072,50.274,51.55,54
1105,TRUE,1,6,6,3,6,7,3,6,5,4,3,3.061,23.185,24.089,11,4,5,3,4,4,5,2,4,2,5,1,4,4,5,3,5,2,2,4,2,5.925,105.674,106.16,26,4,3,5,5,4,5,3,5,1,5,4,1,4,6.052,45.526,46.155,14,Chris G,Aiden C,Shiny H,Coming J,Katherine Z,Angelique L,Jove L,Larry L,8.465,130.865,140.534,11,2,4,7,5,7,7,2,5,2,5,2,2,6,2,4,4,2,6,6,6,1,6,5,1,2,5,2,1,6,2,3,3,2,5,7,6,5,6,2,4,5,3,2,5,1,1,5,2,4,6,5,5,2,5,5,2,2,3,2,2,6,2,2,5,6,2,6,7,1,7,5,2,5,4,1,1,5,1,2,2,7.832,211.052,211.858,89,5,1,4,4,3,4,2,2,5,2,4,4,2,3,2,2,4,3,4,4,3,4,2,2,5,3,4,4,3,4,2,2,5,3,4,3,2,4,3,3,5,3,4,4,5,4,3,3,4,2,3,3,3,2,3,3,5,2,5,3,4,4,2,3,1,3,4,2,3,2,2,2,4,3,3,3,4,4,3,3,4,2,4,4,4,2,3,1,4,2,4,4,1,4,2,2,5,2,5,4,5,4,3,3,5,3,5,5,5,5,2,5,4,2,2,2,2,2,2,3,4,2,4,4,3,3,2,3,4,2,4,4,2,2,2,2,4,2,3,4,3,4,3,3,5,2,4,4,4,4,3,4,5,4,5,5,4,4,4,2,13.567,431.351,432.472,190,1,1,1,1,1,1,1,1,1,1,1,1,1,2,3,1,1,1,2,2,1,1,1,1,4,1,1,1,4,3,4,3,3,2,2,1,8.841,95.635,96.151,46
2324,TRUE,1,6,5,6,5,6,5,5,5,3,2,5.971,70.78,71.866,13,5,5,4,3,4,2,3,4,1,3,4,4,4,5,5,5,3,2,5,3,26.839,173.242,175.432,26,4,4,3,5,4,4,3,5,1,4,5,4,4,9.328,83.28,83.951,19,Ashley,Jane,Nhi,Nancy,Rei,Zora,Jennie,Lily,1.956,375.125,717.113,17,6,6,6,5,2,5,7,2,1,2,1,1,1,1,4,1,7,7,5,7,6,4,4,4,5,6,6,4,4,6,4,4,6,6,6,5,3,4,6,4,4,2,4,6,6,2,2,7,6,6,6,6,7,7,4,7,5,4,5,6,2,4,4,4,1,2,2,3,2,2,4,4,3,4,3,3,4,4,4,4,8.564,377.638,382.426,105,5,5,4,3,4,4,3,3,4,5,4,3,4,4,3,3,4,4,3,4,4,3,3,3,4,4,4,3,4,4,3,3,4,3,4,4,4,4,3,3,4,4,4,4,3,4,3,3,3,3,3,3,4,3,3,3,4,5,4,4,4,4,3,3,3,3,3,3,4,3,3,3,4,4,4,4,4,3,3,3,4,4,4,4,4,4,3,3,4,4,4,4,4,4,3,4,4,4,4,3,4,4,3,3,5,5,5,5,4,5,5,4,5,5,5,5,5,5,5,5,5,5,5,5,5,5,5,5,3,3,3,3,3,3,3,3,4,4,4,3,4,4,3,3,4,4,4,4,4,4,3,3,3,4,3,4,4,3,3,3,16.989,534.862,536.386,185,2,4,3,2,2,2,1,4,1,1,3,1,1,2,1,2,1,1,3,1,1,2,2,1,3,1,2,1,5,3,4,3,2,2,1,1,7.322,127.787,128.808,45
2319,TRUE,1,6,5,5,2,6,1,7,2,6,1,0.939,64.851,81.808,33,2,4,2,1,3,2,1,4,2,4,2,2,3,3,5,5,1,1,3,2,20.876,216.877,217.789,69,4,3,4,2,3,3,3,3,1,4,4,1,4,3.194,159.136,159.801,47,Amir A,Uz A,Aidan V,Michael S,Rick C,Neeraj M,Isha B,Riya B,0.833,159.68,165.804,15,7,6,6,7,6,5,6,1,2,6,3,2,3,2,5,5,7,5,6,5,5,5,4,4,2,5,2,2,5,4,6,6,6,6,5,3,3,5,6,2,5,4,4,3,2,2,6,2,4,2,5,5,2,5,6,2,5,3,3,5,4,5,4,4,2,3,4,2,7,5,6,5,6,2,6,4,5,4,4,4,2.286,225.276,226.213,125,3,4,2,4,5,4,3,3,2,3,4,4,4,2,2,4,4,5,4,2,3,2,2,4,3,3,2,3,3,3,4,2,2,4,4,4,2,4,2,3,2,4,5,2,4,1,2,4,4,2,4,3,2,4,4,4,4,3,4,2,4,3,3,3,4,4,4,3,4,3,2,4,4,2,4,3,2,4,4,5,3,3,3,4,3,2,3,5,3,3,2,4,3,5,5,4,3,4,3,5,3,4,4,2,3,2,4,4,3,4,2,4,4,4,4,3,3,3,3,3,4,2,4,2,4,4,2,4,2,2,1,3,4,3,4,2,4,4,4,3,4,4,3,2,4,3,2,4,3,2,2,3,2,3,2,3,2,2,3,2,10.457,156.142,156.678,255,1,2,5,4,3,5,4,3,4,2,4,4,4,2,3,5,3,2,2,3,3,5,5,2,5,3,4,3,2,3,5,3,5,5,2,1,4.839,27.892,28.408,48
3936,TRUE,1,2,6,3,5,6,7,5,6,3,2,2.43,29.064,29.754,11,4,5,2,3,2,3,1,3,1,4,2,3,5,3,2,5,4,5,5,2,4.731,94.599,95.843,26,4,2,4,3,2,4,4,4,1,4,1,1,2,8.847,47.91,50.637,16,Cooper,Gabbie,Sue,Thomas,James,Marcy,Harry,Eric,1.698,83.206,89.321,17,1,5,3,7,7,5,3,1,3,5,5,4,2,5,7,2,3,5,6,7,6,6,2,1,7,5,6,3,3,2,3,4,3,6,5,7,6,6,3,1,7,5,7,1,4,5,6,6,7,7,3,6,6,6,2,2,6,3,1,2,3,4,4,5,1,3,2,6,5,4,3,5,1,2,2,2,2,2,5,5,4.741,204.013,205.335,92,2,3,3,3,2,2,1,1,4,3,5,5,3,3,1,2,5,2,1,1,1,1,2,3,1,1,2,4,3,3,1,1,1,3,3,5,2,2,1,1,3,3,2,3,2,2,1,1,1,2,2,2,1,1,1,1,4,3,2,3,2,2,3,1,1,1,4,2,2,1,1,1,2,4,5,4,3,5,3,3,3,3,4,4,4,5,2,2,4,4,5,5,3,3,5,2,5,3,3,4,5,5,3,2,5,4,5,3,4,4,2,3,4,3,3,3,3,3,2,2,5,4,4,3,5,5,3,3,1,3,4,5,2,3,2,2,5,4,5,3,4,4,4,3,5,5,5,5,5,5,5,5,1,4,4,4,2,2,3,3,6.488,522.154,524.611,192,2,2,1,2,2,1,1,3,2,3,2,5,3,2,3,3,1,1,3,2,1,1,5,1,1,1,1,5,5,2,3,3,3,3,1,1,3.681,94.633,96.279,38
2325,TRUE,1,6,5,6,4,5,3,6,2,6,2,16.411,47.011,47.917,11,3,5,2,3,2,4,3,4,1,5,3,5,5,3,4,5,3,1,2,2,8.534,337.553,338.832,29,4,5,4,3,3,4,3,5,1,4,4,1,4,37.469,138.237,139.159,18,Talia Z,Michaela W,Samantha W,Mackenna P,Bella P,Ishika P,Tori R,Michael S,19.708,154.408,189.15,8,4,7,6,7,1,5,5,4,4,5,5,5,1,4,2,2,7,6,7,2,2,7,5,6,1,2,2,6,6,2,3,4,5,6,3,2,2,6,5,3,2,1,2,3,7,3,4,2,5,6,6,2,3,5,2,4,1,1,1,3,3,1,2,1,7,6,7,2,6,7,5,6,4,2,2,3,3,5,6,6,15.365,409.7,410.946,105,2,2,2,2,1,1,4,3,3,4,2,4,1,3,4,3,3,2,4,3,4,3,2,3,4,5,3,2,1,3,3,3,5,4,4,2,2,3,2,4,4,5,3,3,3,4,2,3,1,1,2,3,2,3,3,1,1,1,2,5,1,2,3,3,4,4,2,1,1,3,1,3,5,4,3,1,1,3,2,1,3,4,2,1,1,2,2,3,5,4,4,1,1,4,2,3,5,5,4,4,3,3,4,3,2,2,2,5,4,2,2,3,2,3,2,3,1,2,1,1,5,5,4,3,3,3,4,3,3,2,3,2,1,2,2,2,3,3,1,3,3,2,1,2,1,3,1,4,3,2,1,2,4,4,2,2,4,3,3,2,13.092,887.663,888.614,211,1,4,1,2,3,1,1,3,1,1,2,1,3,1,,2,1,1,4,1,2,2,2,3,2,1,2,2,3,3,4,1,1,5,1,2,9.086,166.636,167.484,42
1389,TRUE,1,2,4,5,5,3,6,4,4,3,2,11.489,53.755,54.512,11,4,5,3,2,2,3,4,4,2,4,2,4,5,5,5,5,1,3,4,3,10.551,125.483,127.791,23,3,4,4,2,4,4,3,4,2,4,4,1,4,9.747,101.01,101.699,16,Logan C,Jon R,Aidan F,Jordan F,Justin F,Aaron D,Jason R,Adam R,28.248,139.363,144.222,14,2,3,2,3,7,3,3,4,5,7,5,7,5,7,6,2,3,7,4,7,5,7,7,2,7,4,6,5,5,7,4,5,5,7,3,2,7,7,6,6,5,5,6,4,1,5,5,5,3,5,5,5,6,4,6,1,6,2,4,2,5,2,5,7,3,4,4,4,7,4,6,1,3,5,4,5,1,5,2,6,14.002,274.217,275.129,93,2,1,2,5,4,1,3,1,4,1,3,5,5,1,3,1,3,1,2,2,3,1,3,1,3,1,2,4,4,1,2,1,3,1,3,5,4,1,4,1,3,1,3,4,5,1,3,1,3,1,3,3,3,1,3,5,4,1,4,5,5,1,4,1,2,1,2,1,4,1,3,1,2,5,2,2,5,5,4,5,3,1,2,3,4,1,3,1,2,1,1,3,5,2,3,1,5,5,3,5,5,5,4,5,5,2,4,3,5,5,4,4,3,5,2,4,2,5,2,5,3,5,3,3,3,4,2,5,1,1,1,1,1,1,1,1,5,2,5,4,2,5,4,1,5,1,5,4,2,5,3,1,2,1,2,2,3,1,2,5,13.481,438.558,439.705,186,1,4,1,1,1,2,1,1,1,1,1,1,1,1,2,2,3,1,3,1,2,1,1,2,1,1,1,1,3,1,4,2,3,1,3,1,14.909,118.526,119.566,38
1174,TRUE,1,3,3,6,4,5,7,6,2,6,3,9.762,39.522,40.714,12,3,3,3,3,2,4,4,3,2,4,4,3,3,4,4,4,4,3,4,2,6.578,102.855,104.03,22,4,3,3,3,3,3,2,4,2,3,3,3,3,6.987,61.899,62.65,14,Dylan K,Shelby K,Natalie H,Bryce H,Isaac W,Klay R,Nic B,Sammy S,18.311,86.867,100.523,14,4,4,6,7,7,5,6,7,5,2,4,3,6,2,2,6,4,7,7,6,4,7,6,5,6,2,3,5,6,2,2,6,5,4,5,6,6,4,4,6,4,5,4,2,2,5,4,2,4,5,5,6,4,5,4,4,6,3,3,3,6,3,3,3,4,6,5,4,2,6,5,3,4,3,3,3,3,3,4,3,6.937,158.979,160.416,84,4,3,4,4,4,3,3,4,4,4,4,4,4,4,4,4,4,3,4,4,4,3,3,4,4,3,4,4,4,3,3,4,3,2,3,3,3,2,2,3,4,3,4,5,4,3,3,4,4,3,4,4,4,3,3,4,4,3,4,4,4,3,3,4,4,3,5,4,4,3,3,4,4,3,4,4,4,3,3,4,4,3,4,4,4,3,3,4,4,3,4,4,4,3,3,4,4,3,4,4,4,3,3,4,5,4,4,5,5,4,4,5,4,3,4,4,4,3,3,4,4,4,5,5,5,4,4,5,4,4,4,4,4,4,4,4,4,4,4,4,4,4,4,4,4,3,4,4,5,3,3,5,3,3,4,3,4,3,3,3,9.637,245.678,247.064,176,2,2,2,3,3,2,2,3,2,2,4,2,2,3,2,2,2,2,3,2,2,3,2,3,4,3,2,3,5,2,4,4,2,3,2,2,11.65,94.952,95.709,37
691,TRUE,1,2,3,7,5,5,7,6,1,4,2,3.213,29.652,30.358,24,5,4,2,3,3,3,3,3,3,3,4,4,4,4,4,4,4,4,3,3,4.676,48.255,49.434,48,4,4,4,4,4,4,4,4,4,4,4,4,4,6.907,33.921,35.655,31,Alexa B,Matthew W,Sherry W,Nathan G,Alana C,Luca d,Weston M,Lebron J,5.082,146.261,147.147,15,1,1,1,7,7,1,7,7,1,1,1,7,5,2,6,6,7,7,7,4,5,6,2,6,7,5,5,5,5,6,5,2,4,3,4,7,7,4,7,7,7,6,7,1,1,3,1,1,7,7,7,7,7,7,7,7,1,1,1,5,3,1,5,5,6,7,6,4,5,6,4,4,5,5,5,5,5,5,5,5,4.629,166.798,167.484,133,3,2,2,4,4,4,3,4,2,2,3,4,2,4,4,4,3,2,4,3,2,2,3,4,3,4,2,3,4,4,3,2,4,3,3,3,2,4,3,2,5,3,4,2,4,3,2,2,4,5,2,2,3,3,5,4,4,3,3,3,4,3,4,4,3,3,5,5,4,4,2,2,5,4,3,4,5,5,4,4,5,5,3,4,5,4,5,4,5,4,4,5,4,3,4,4,3,3,3,2,4,5,3,4,5,4,4,3,4,2,3,3,3,4,3,4,5,2,3,5,4,4,4,5,4,5,4,3,3,3,3,3,3,3,3,3,4,3,3,3,5,4,3,4,4,2,3,4,3,4,3,4,3,3,3,3,3,3,3,3,1.361,148.891,150.017,235,2,4,1,3,3,3,1,4,1,1,4,4,,3,1,1,3,1,5,3,1,4,3,5,1,1,4,4,5,4,3,3,3,4,1,3,1.291,41.182,41.78,46
195992,TRUE,1,3,2,6,3,5,6,5,2,5,3,11.169,33.147,34.105,12,3,3,3,3,3,4,4,4,2,4,3,4,4,2,4,4,3,2,3,3,2.202,58.639,59.63,29,3,3,3,2,2,3,2,3,3,3,2,3,3,347.316,412.575,413.707,15,Dylan K,Natalie H,Bryan K,Brandon H,Klay R,Isaac W,Sammy S,Fritz S,3.643,59.451,63.866,10,3,4,4,5,3,4,6,5,4,3,3,5,2,2,5,3,5,6,5,5,5,5,5,5,5,3,4,5,5,3,5,3,5,5,5,5,5,5,5,5,5,4,3,3,6,4,3,3,5,5,6,4,5,5,5,5,4,3,3,4,3,3,4,3,5,5,5,5,5,5,5,5,2,3,2,3,3,2,3,3,8.369,137.495,139.67,95,4,3,3,4,3,3,4,3,4,3,3,4,3,3,4,3,3,3,4,3,3,3,4,3,3,3,3,3,3,3,3,3,2,2,2,3,2,2,3,2,4,3,4,3,4,3,4,3,3,3,3,3,3,3,3,3,3,3,4,4,3,3,4,3,3,2,2,3,2,2,3,2,4,3,4,4,4,3,4,4,3,3,3,3,3,3,3,3,3,3,4,4,3,3,3,4,3,3,3,4,3,4,3,4,3,3,4,4,4,3,4,3,4,3,4,4,4,3,4,3,3,3,4,4,3,4,4,3,4,3,3,4,4,3,3,3,3,2,2,2,2,3,3,3,3,3,3,3,3,3,3,3,3,2,3,3,2,2,3,2,6.067,241.134,244.254,185,2,2,2,,3,2,3,3,2,2,3,3,3,1,3,3,2,3,2,2,2,2,3,2,3,2,3,2,4,2,4,2,3,2,2,2,9.223,93.86,95.556,43
1231,TRUE,1,6,2,6,5,7,5,5,6,3,5,4.801,36.179,37.032,12,4,5,1,3,1,5,2,3,3,4,3,5,4,4,1,4,2,2,2,2,8.467,157.963,158.869,24,4,4,3,4,3,3,3,4,1,3,3,1,3,10.826,96.395,97.201,16,Matt T,James K,Jim M,Theresa M,James L,Jack F,Chris P,Olivia B,28.338,191.296,197.593,12,7,5,5,1,5,5,7,7,5,1,2,7,2,5,5,2,7,4,5,7,6,5,2,7,2,5,5,7,5,2,2,1,7,4,3,5,6,4,5,7,1,3,5,1,1,1,1,1,5,5,5,1,5,2,3,7,1,2,1,1,1,5,5,1,7,3,7,1,5,3,3,7,1,3,2,5,2,3,2,1,4.942,232.809,233.947,87,4,2,3,4,3,3,3,2,5,5,5,5,5,4,4,5,3,2,2,4,3,2,2,1,5,3,3,5,4,3,3,4,5,3,3,5,4,3,3,4,3,2,2,5,1,2,3,2,4,3,3,5,4,3,3,2,1,1,1,4,2,1,1,1,2,2,3,4,4,3,4,2,5,5,5,5,5,5,5,5,4,3,4,4,3,4,4,4,4,3,3,5,4,3,3,3,3,2,3,5,4,2,2,3,5,3,3,5,3,4,4,3,4,2,2,5,3,3,2,5,4,3,3,5,5,3,2,5,5,2,2,5,4,1,2,2,4,2,3,5,4,2,2,3,2,2,2,5,4,2,1,3,4,2,2,5,3,2,2,1,16.172,326.573,327.56,174,1,3,1,2,3,1,1,2,1,2,1,1,1,1,1,2,2,2,1,1,1,1,1,1,3,3,1,1,4,3,3,1,2,1,2,2,16.109,123.775,124.614,37
1126,TRUE,1,5,5,5,6,5,6,7,5,4,3,2.636,21.506,22.2,10,5,5,3,1,2,2,2,3,2,3,2,3,4,4,5,5,2,2,4,2,4.219,122.198,125.857,23,4,3,4,4,3,4,2,3,2,4,3,1,3,12.393,81.699,82.46,16,Sid C,Cam F,Jack W,Emma L,Ana Z,Maria C,Pete D,Annie G,8.688,101.505,123.112,8,6,7,7,7,6,7,6,6,3,3,3,5,6,3,5,5,6,6,6,5,4,6,3,5,6,3,5,3,5,3,7,3,6,7,6,7,5,7,5,5,3,1,2,2,3,1,2,2,6,7,6,3,3,6,3,3,2,4,3,3,2,4,6,4,5,5,5,4,2,5,1,5,3,3,3,3,3,3,3,3,7.427,209.152,210.15,88,4,4,3,3,3,4,3,3,4,4,4,5,4,4,4,3,4,2,4,5,4,2,4,3,4,3,2,4,2,3,3,3,4,2,3,3,2,3,2,2,5,4,4,4,4,4,3,4,5,2,3,5,5,3,2,5,4,3,3,4,4,3,4,3,3,2,1,4,4,2,3,4,4,3,4,5,4,3,3,4,4,3,2,4,4,3,2,3,3,3,3,3,3,3,3,3,4,4,4,2,2,4,4,4,4,3,4,2,2,4,3,3,2,3,2,1,1,3,2,1,4,4,4,2,3,4,3,2,4,2,2,4,4,2,2,4,4,4,4,4,4,4,4,4,4,4,4,4,4,4,4,4,2,3,3,3,3,3,3,3,13.595,323.479,327.402,180,3,2,3,2,2,1,1,2,3,1,4,2,1,2,2,3,1,1,4,3,2,3,2,2,3,2,1,2,4,4,4,2,2,4,1,1,10.039,133.9,137.196,45
1220,TRUE,1,5,4,6,2,6,2,4,2,6,3,7.709,36.091,36.918,11,4,3,2,1,2,2,2,1,2,4,2,3,4,3,4,4,2,2,2,3,8.157,169.741,170.531,24,3,2,4,1,3,2,2,4,2,3,1,1,4,12.536,144.153,144.883,17,Mom,Dad,Layman,Carter D,Maria M,Jackie R,TKil,Chels,2.229,130.345,135.65,13,6,7,4,3,3,4,4,5,4,4,4,4,4,4,4,4,7,6,6,3,3,4,4,4,5,6,3,5,5,5,4,4,5,5,6,3,4,4,5,4,2,1,3,4,5,3,2,4,6,6,5,4,5,5,4,4,1,5,4,5,5,5,4,4,6,3,6,5,5,4,4,4,4,3,4,5,4,4,4,4,10.836,208.583,209.413,89,3,3,2,1,1,2,4,2,4,3,3,2,2,4,4,3,2,2,2,2,2,2,2,2,3,4,3,1,1,3,2,2,3,2,2,2,2,3,2,2,4,4,2,3,2,1,2,2,4,3,3,2,2,3,2,3,4,5,3,2,2,3,3,2,2,4,2,2,1,2,2,2,5,2,2,2,2,4,3,3,4,4,2,2,3,3,2,2,4,2,4,2,2,3,2,3,4,3,4,3,2,3,3,3,3,5,2,2,3,2,2,2,4,5,3,3,3,3,2,2,4,4,3,3,3,3,3,3,2,2,2,2,2,2,2,2,4,4,3,3,3,3,3,2,3,5,3,2,3,3,3,2,3,2,3,2,2,2,2,2,13.171,362.837,363.737,170,1,4,2,1,1,1,2,1,2,1,2,1,2,2,2,2,1,1,2,2,1,2,1,1,2,2,3,2,4,2,4,2,2,2,1,2,6.977,103.46,104.274,37
1966,TRUE,1,5,4,7,5,4,3,3,2,5,6,5.653,182.074,185.145,11,2,5,3,3,2,4,4,4,1,5,2,5,5,5,5,5,4,2,3,3,9.227,264.165,265.236,24,3,2,2,3,1,3,1,3,3,3,2,3,3,20.008,207.158,207.98,16,Jessica B,Jin H,Sarah T,Tori T,Josh D,Caitlin P,Amber M,Dee D,8.334,129.022,133.625,10,6,6,3,5,5,6,3,1,1,1,5,2,3,1,7,3,3,7,6,4,4,6,2,2,5,2,2,7,6,4,4,2,5,4,4,3,4,4,2,2,2,5,3,2,4,2,1,5,5,6,3,5,3,5,1,1,5,1,2,4,3,2,4,4,3,6,6,2,3,4,1,4,2,4,1,3,3,4,4,5,18.659,359.704,360.7,91,3,2,2,3,3,2,5,5,3,2,3,4,4,2,5,5,3,2,2,3,3,3,4,4,4,2,2,3,3,2,5,5,2,2,2,2,2,2,3,3,3,2,2,4,4,2,2,2,3,2,3,3,4,2,4,4,3,3,3,3,3,3,3,3,2,2,2,2,2,2,1,2,3,2,3,4,4,2,5,3,2,2,4,3,3,2,5,4,4,2,3,4,4,2,5,4,3,2,3,4,4,2,5,5,3,3,3,3,3,3,5,4,2,2,3,3,3,2,5,4,2,2,5,3,3,2,5,5,4,3,2,4,3,2,2,2,4,4,4,4,4,4,3,3,4,3,4,3,3,3,5,4,2,2,2,3,2,2,5,2,9.498,576.972,581.066,178,3,3,2,3,4,1,1,2,1,2,4,1,1,1,1,1,1,1,4,3,1,1,4,1,1,1,1,5,4,3,3,2,3,3,1,1,9.083,134.09,135.154,36
1062,TRUE,1,5,1,6,6,5,7,7,2,5,4,9.585,54.735,55.264,13,5,5,4,3,2,4,2,3,2,5,2,2,3,5,5,5,2,2,3,3,8.413,128.796,129.6,21,4,4,4,4,4,4,4,4,1,4,4,3,4,15.643,78.459,79.353,15,Sally E,Allie M,Lilia B,Andrew B,Isabelle F,Grace P,Kayla M,Kaylah L,11.753,128.685,195.361,4,6,6,6,6,6,6,6,2,1,1,1,1,1,1,1,1,5,6,6,4,6,6,6,2,3,5,5,4,1,5,5,6,7,7,7,5,7,7,7,4,2,2,3,2,2,2,2,4,5,6,6,5,6,6,6,4,3,2,6,2,2,6,2,4,6,4,4,4,6,4,6,4,4,2,4,2,2,2,4,4,16.09,158.101,159.168,81,3,4,3,3,4,4,4,3,5,5,3,5,3,5,5,3,3,4,4,3,4,4,4,3,2,3,3,3,3,3,3,1,1,1,1,1,1,1,1,1,3,3,3,3,3,3,3,1,1,4,3,3,4,4,3,1,2,5,3,3,4,5,5,1,3,3,3,1,3,1,3,1,5,5,5,5,5,5,5,3,3,3,3,3,3,3,3,3,3,3,3,3,3,3,3,2,5,5,5,5,5,5,5,5,5,5,5,5,5,5,5,5,5,5,5,5,5,5,5,5,5,5,5,5,5,5,5,5,3,3,3,3,3,3,2,3,3,3,2,2,2,3,3,1,5,5,5,5,5,5,5,5,3,3,2,3,3,2,2,2,4.252,252.377,253.382,166,3,3,3,2,4,1,1,2,1,2,,2,1,3,1,3,2,1,2,3,2,1,1,1,1,2,1,1,3,2,2,2,2,2,2,1,12.768,110.023,110.8,37
1576,TRUE,1,6,2,7,3,6,1,7,1,5,3,4.032,37.681,38.641,11,5,4,4,2,2,2,2,3,2,4,3,2,4,5,5,5,1,2,2,2,8.36,148.308,149.384,24,4,3,3,4,3,4,2,5,1,4,3,1,3,17.099,103.131,103.825,16,Tina H,Ellie E,Maddie S,McKayla S,Ava G,Natalie G ,Bryan W,Brent B ,4.831,131.645,160.821,15,5,6,7,6,6,5,3,4,2,4,3,6,6,4,5,4,7,6,6,5,3,5,4,4,2,4,2,3,3,3,5,5,6,5,7,5,5,5,4,4,1,3,1,1,1,4,4,4,7,4,6,2,2,4,4,3,1,2,2,2,5,3,5,5,6,5,6,5,5,5,3,3,2,3,2,2,3,4,4,4,5.207,268.47,270.037,93,4,4,3,3,2,2,1,2,5,5,3,5,4,4,2,2,4,4,2,4,4,5,2,2,3,3,2,3,2,3,2,2,5,5,4,4,2,3,1,1,3,4,2,3,2,3,3,3,4,4,3,4,1,3,2,2,5,4,4,4,4,4,4,4,2,3,3,5,5,3,2,2,5,4,5,4,4,3,3,2,4,3,2,3,3,3,3,3,4,4,4,5,5,4,2,2,4,3,4,3,2,3,3,2,4,4,4,4,4,4,4,4,5,2,3,1,1,3,3,2,4,3,3,2,2,3,4,3,1,2,4,3,3,3,3,1,2,3,2,4,4,3,3,2,4,4,4,3,3,3,3,3,2,3,4,5,5,3,2,2,22.848,641.422,642.606,172,3,2,1,1,2,1,1,4,2,2,4,1,1,2,2,4,1,1,4,2,1,1,2,2,1,1,1,3,5,3,4,1,1,3,1,1,13.553,141.184,142.368,40
1311,TRUE,1,7,4,3,2,7,1,5,5,6,4,3.06,42.524,44.181,19,4,5,1,1,1,5,3,2,3,5,3,5,4,5,5,5,1,1,5,3,11.477,188.544,189.502,42,2,4,4,1,4,5,2,0,0,5,2,0,5,5.122,122.155,123.203,28,DAD,DP,ALU,SUBU,MAINU,HUMA,HR,JOE ,2.8,134.574,136.083,13,4,7,7,1,7,7,1,1,5,1,1,7,7,1,7,4,7,7,7,1,1,7,1,1,7,1,1,7,7,1,7,7,1,7,7,1,7,7,1,1,1,1,1,7,1,1,1,1,7,7,7,5,5,6,4,6,1,1,1,2,7,5,2,7,6,7,7,1,5,7,7,1,4,5,5,5,1,5,7,4,5.176,267.839,269.265,109,5,1,1,4,3,1,5,3,1,1,1,1,1,3,2,1,5,2,2,1,1,1,5,1,1,1,1,1,1,1,1,1,5,5,5,5,5,5,5,5,5,5,5,5,5,5,5,5,5,5,5,5,5,5,5,5,5,5,5,5,5,5,5,5,5,5,1,1,1,1,5,3,1,1,5,5,1,1,1,5,1,5,1,5,5,5,1,3,5,5,1,3,5,3,5,1,5,5,5,5,5,5,5,3,5,5,1,5,5,5,5,5,3,3,3,3,3,3,3,3,4,4,4,4,4,4,4,4,4,1,1,1,1,1,1,1,2,3,3,2,4,2,2,3,4,3,4,3,3,4,3,3,2,4,4,4,4,4,3,4,6.778,345.195,345.967,219,3,4,1,1,3,2,1,5,1,3,4,1,1,1,1,5,2,3,5,1,1,1,3,1,2,2,2,,4,4,4,1,1,4,1,1,9.07,108.023,109.693,47
1060,TRUE,1,5,5,6,3,6,6,6,1,5,2,3.393,36.887,38.919,11,4,5,3,3,2,5,4,4,1,5,2,5,4,3,4,5,2,2,5,1,6.813,107.201,109.228,21,4,4,3,3,4,4,3,4,1,4,2,1,4,6.836,55.53,56.467,13,Dad,Erik F,Marlo B,Jen Z,Ron D,Chris P,AOC,Brie L,16.849,105.357,115.128,10,6,6,5,5,7,6,5,3,1,3,3,2,3,2,7,7,7,6,7,6,7,6,2,2,3,2,3,6,2,2,6,4,7,6,7,5,7,4,4,4,3,2,2,2,2,2,2,2,7,6,7,6,7,5,2,3,1,2,1,5,1,4,6,4,6,6,6,5,6,6,1,3,2,4,2,1,1,3,6,6,5.184,185.439,187.343,82,2,1,2,4,2,1,4,1,2,2,2,4,3,1,4,1,2,2,4,3,1,1,2,1,1,1,1,1,1,1,1,1,1,1,3,3,3,1,1,1,5,3,5,1,4,1,1,1,4,1,3,1,3,1,1,1,2,1,4,4,3,1,3,1,1,1,1,1,2,1,1,1,2,4,4,4,3,2,4,3,1,1,2,1,1,1,1,1,2,1,2,1,2,1,3,1,1,3,4,4,4,1,5,3,2,1,2,4,2,1,5,4,1,2,4,5,2,1,5,4,4,3,4,5,5,4,2,2,2,2,2,4,2,1,3,3,1,1,2,4,1,1,4,3,2,1,2,4,2,1,5,4,1,1,1,1,1,1,1,1,12.05,384.465,385.931,165,4,5,3,1,4,1,1,4,1,1,4,1,1,2,1,4,1,1,2,1,1,1,1,1,2,1,1,4,5,4,5,2,2,4,1,1,4.576,79.981,81.819,40
3319,TRUE,1,6,5,4,2,6,6,6,2,7,2,68.913,131.564,134.881,12,3,5,1,4,1,2,5,3,2,4,3,3,4,4,5,5,4,3,3,2,11.97,229.767,230.758,25,4,3,4,3,4,4,2,4,3,2,3,4,4,8.36,495.317,496.142,18,anthony a,paxshan h,ayad a ,burhan s,anthony s,andrew s,omar v,jwan a,24.672,175.496,192.611,3,6,6,6,3,2,7,5,3,6,6,6,6,6,6,4,6,6,6,6,6,4,6,5,5,3,3,3,3,4,3,4,4,5,5,5,2,2,5,4,4,2,5,5,2,5,3,3,4,6,5,7,2,2,5,4,4,1,2,1,2,2,2,4,3,6,6,6,4,2,6,4,4,2,2,4,6,6,2,4,5,12.218,369.148,374.11,94,3,3,3,3,3,3,3,3,4,3,4,3,3,3,3,3,1,1,2,4,4,1,3,4,3,2,3,3,2,2,1,2,4,4,4,4,2,2,2,2,3,3,3,3,3,3,3,3,4,4,4,3,3,4,3,3,3,3,3,1,1,3,1,1,2,2,2,2,2,2,2,2,4,4,4,2,2,4,2,2,3,3,4,2,2,3,3,3,3,3,5,4,4,3,5,4,3,3,3,3,3,3,3,3,4,4,4,4,4,4,4,4,4,4,4,2,2,4,2,4,4,4,4,4,4,4,4,4,4,4,4,4,4,4,3,4,3,3,3,3,3,3,3,3,3,3,4,4,4,3,3,4,1,1,1,1,2,1,1,1,50.306,1319.058,1319.986,195,3,1,1,1,3,2,2,2,1,1,5,1,2,1,1,3,1,4,3,1,1,2,1,1,2,1,1,2,5,2,3,1,1,4,2,2,17.055,197.716,199.094,41
958,TRUE,1,2,6,5,5,6,6,6,4,6,5,4.242,25.411,26.901,11,4,5,3,4,4,5,3,5,3,5,5,4,5,5,5,5,3,3,4,3,8.395,117.135,117.695,24,4,3,4,4,3,4,3,4,2,4,2,2,4,6.664,86.093,86.744,17,Mike I,Jacob M,Quentin C,Stevie K,Chris T,James G,Bronson B,Nathan S,7.688,155.758,192.368,6,5,2,3,1,5,7,7,6,6,2,6,1,6,6,6,6,6,4,7,3,4,4,6,6,2,4,3,4,4,3,2,3,3,5,3,1,5,4,7,4,3,7,5,7,2,1,1,4,7,4,7,1,5,6,4,7,4,4,1,4,4,4,5,4,7,4,7,4,4,3,4,7,4,4,7,4,4,4,4,4,6.889,177.58,178.887,105,5,3,5,3,3,4,4,4,5,5,5,5,5,5,5,5,3,3,3,3,3,3,4,3,5,3,5,2,3,4,4,4,4,3,3,3,3,3,3,3,3,3,4,3,3,4,3,4,4,3,5,3,3,3,3,4,5,5,5,5,5,5,5,5,4,3,3,3,3,3,3,3,5,5,5,5,5,5,5,5,5,3,5,2,3,4,3,3,5,5,5,5,5,5,5,5,5,5,5,5,5,5,5,5,5,5,5,5,5,5,5,5,5,5,5,5,5,5,5,5,5,5,5,5,5,5,5,5,3,3,3,3,3,3,3,3,4,3,4,3,3,4,3,4,5,5,5,5,5,5,5,5,3,3,3,3,3,3,3,3,11.551,191.016,191.701,184,1,4,1,2,1,1,3,2,4,1,1,1,1,1,2,2,1,4,1,1,1,1,3,3,2,2,3,3,5,1,5,2,2,3,2,4,7.987,87.533,88.101,44
2008,TRUE,1,5,3,7,5,5,5,7,2,5,2,7.538,46.949,47.943,20,4,4,4,5,5,5,4,3,2,5,4,5,5,4,5,5,2,1,3,3,15.439,171.397,172.692,47,3,4,4,3,4,4,4,5,2,3,4,1,4,10.328,133.931,135.067,33,Kiley W,Jason P,Connor C,Kyle B,Jake M,Alexis B,Michael M,Nick B,26.392,375.422,386.825,24,5,6,5,3,6,5,6,7,3,3,3,6,5,3,4,5,6,6,6,4,5,7,5,3,6,4,5,5,5,5,4,4,5,6,5,6,6,5,4,7,5,5,6,6,3,6,3,2,7,5,6,3,5,7,5,4,2,2,2,6,3,1,4,5,4,5,5,6,5,5,5,3,3,3,4,6,2,3,2,1,13.053,460.799,462.266,114,5,3,4,2,2,4,2,2,5,3,4,2,3,4,3,4,4,4,4,3,4,4,3,2,4,4,5,2,3,5,3,2,4,4,4,2,3,5,3,2,4,3,3,2,3,4,3,3,5,3,4,2,3,5,3,2,4,2,2,2,2,3,2,2,2,2,2,1,2,2,1,1,5,3,4,2,4,4,3,3,5,3,3,2,4,4,3,3,5,3,4,2,3,4,3,2,5,4,4,3,3,4,3,3,5,3,4,3,4,4,3,4,4,3,4,2,4,4,3,4,5,4,4,2,3,5,3,3,1,2,2,2,2,2,2,2,3,2,2,3,2,2,3,2,5,3,3,3,3,3,3,3,2,3,3,3,3,3,3,4,5.785,526.088,528.025,215,2,3,1,2,4,1,1,3,2,2,2,3,2,1,2,3,1,1,3,1,3,2,1,3,2,1,1,2,4,3,4,2,2,4,2,1,8.035,148.385,149.221,45
1481,TRUE,1,5,2,6,4,6,4,7,3,3,2,5.027,47.714,48.99,12,3,3,2,2,1,3,1,1,1,3,3,5,4,5,3,5,1,1,4,2,14.447,161.822,163.069,22,5,4,2,4,4,5,1,4,2,4,3,4,2,16.58,91.878,93.7,15,sister,Mom,Beck,Millie,Indira,Ella,Britt,Kim,4.118,166.425,175.298,20,5,7,5,6,6,3,2,1,4,4,2,5,3,2,4,1,7,4,7,5,6,4,4,3,2,4,3,5,2,6,4,5,7,7,3,7,7,5,4,4,1,1,2,2,1,7,6,7,6,7,7,5,7,6,3,3,1,3,1,6,1,5,4,4,5,5,6,5,6,2,4,4,2,1,3,1,2,2,7,4,16.015,273.979,275.953,91,4,3,4,5,4,3,2,2,4,3,4,5,3,3,2,3,5,3,5,4,3,3,5,3,4,2,5,5,3,2,3,2,3,2,4,3,4,3,3,3,5,3,5,5,4,4,5,4,4,2,5,3,3,3,3,3,5,2,4,5,2,3,4,4,2,2,2,2,2,2,3,2,5,3,5,5,4,3,4,3,3,3,4,5,4,4,4,3,4,3,4,5,3,4,1,2,4,3,4,4,3,4,2,2,5,3,4,5,4,3,4,2,3,4,1,4,2,4,1,1,5,5,4,5,4,4,4,3,3,2,3,2,1,1,4,2,1,2,2,5,2,2,2,1,5,3,4,5,2,4,2,2,4,2,3,1,3,2,2,2,33.018,442.304,443.236,170,2,5,1,2,1,1,1,2,3,3,2,1,1,1,2,3,1,1,1,1,1,1,1,1,1,1,2,2,5,3,5,2,3,2,1,1,13.163,106.331,107.664,36
1059,TRUE,1,6,6,6,4,6,2,5,3,5,3,4.808,31.982,32.737,11,4,4,2,4,4,5,3,4,2,4,4,3,4,2,5,4,1,2,4,2,5.223,118.411,119.458,28,4,4,4,0,4,4,0,4,4,4,4,3,5,8.827,85.429,85.818,17,Melanie A. Saba N.,Tahira N Fatima I,Nasir I. ,Ghafoor N.,Shakoor N.,Nandini K,Mahajbeen I.,Khadija I.,9.789,129.876,150.693,10,6,6,1,6,3,6,3,4,6,6,6,3,3,6,3,3,6,7,3,6,5,6,4,2,2,1,7,3,7,3,3,6,7,7,1,3,1,7,6,2,1,1,7,1,6,2,3,6,7,7,7,7,7,7,7,1,1,1,1,1,1,1,1,5,7,7,7,7,1,7,2,1,1,2,1,1,2,1,4,6,8.16,219.628,222.726,97,5,5,5,5,5,5,1,1,5,5,5,5,5,5,1,1,2,2,2,2,2,2,2,2,3,3,3,2,2,2,2,2,4,4,4,2,2,2,3,3,2,1,3,3,3,1,1,3,4,2,2,5,1,5,2,5,2,3,2,1,2,3,3,2,4,4,4,4,4,4,4,4,5,5,5,5,5,5,5,5,5,5,5,5,5,5,5,5,5,5,5,5,5,5,5,5,5,5,5,5,5,5,5,5,5,5,5,5,5,5,5,5,5,5,5,5,5,5,5,5,1,1,1,1,1,1,1,1,1,1,1,1,1,1,1,1,1,2,1,1,1,1,1,1,5,5,5,2,5,5,1,1,5,3,5,1,5,2,1,1,7.884,206.564,209.833,199,5,2,4,1,4,3,2,1,4,1,4,1,1,1,5,1,4,2,1,4,1,1,1,1,5,2,4,2,5,4,1,4,3,4,1,1,13.886,140.064,140.773,42
1764,TRUE,1,6,5,6,4,5,4,6,4,5,3,9.433,45.284,46.686,13,4,5,4,4,5,5,5,4,3,4,3,5,5,5,5,5,4,2,4,2,21.786,175.173,175.575,35,2,4,3,1,4,4,3,3,1,3,4,2,3,177.885,389.383,390.266,20,luke,nick,roach,colin,will,logan,jenna ,maddie,206.352,256.839,313.683,6,7,6,3,7,5,7,7,7,7,6,4,7,6,6,6,5,7,7,5,5,7,7,7,5,3,4,5,5,4,4,3,5,7,7,5,4,6,7,7,6,1,1,6,5,6,1,3,3,6,6,6,5,5,6,7,7,3,3,5,5,5,4,4,5,4,4,3,3,4,4,4,4,3,3,4,3,3,4,4,3,7.122,185.651,186.911,98,5,3,5,5,3,3,4,4,5,5,5,5,5,5,5,5,4,3,5,5,4,3,4,4,5,3,5,5,4,3,4,5,4,3,5,5,3,3,3,4,5,3,5,5,4,3,4,5,5,4,5,5,3,4,3,5,5,4,5,5,4,4,4,5,5,3,5,3,3,3,3,4,5,4,5,5,4,4,4,5,4,3,4,4,3,3,3,5,5,4,4,4,3,4,4,4,5,3,5,5,3,4,4,5,5,4,5,5,4,4,4,5,5,4,5,5,4,4,4,5,5,4,5,5,4,4,4,5,5,4,5,5,5,4,5,5,5,4,5,5,4,4,4,5,5,4,5,5,4,4,4,5,4,3,5,4,3,3,3,5,8.962,465.367,467.445,186,3,2,2,3,3,3,3,2,2,3,3,3,2,4,3,2,5,2,4,2,1,2,3,2,2,1,2,2,5,3,5,3,3,3,3,4,5.336,119.953,120.837,46
1305,TRUE,1,2,5,4,7,4,6,5,6,3,4,8.777,30.576,31.702,10,3,4,5,5,1,2,2,4,2,5,3,5,5,4,5,5,1,1,4,1,10.57,133.179,134.217,21,4,1,3,2,2,4,3,4,1,4,1,1,4,5.886,77.54,78.578,15,Nora W,Yaz D,Lauren M,Ryan R,Kendal H,Dawson B,Dylan H,Justin L,9.445,106.196,121.048,10,4,5,3,6,1,7,1,7,1,5,7,1,5,4,6,7,5,6,7,7,5,6,7,3,5,5,5,2,2,3,3,6,5,6,5,7,3,7,4,7,6,5,5,3,5,4,6,2,7,4,5,7,3,6,2,3,5,3,2,2,5,4,3,6,3,5,4,6,5,6,6,4,1,1,1,4,5,1,2,5,5.433,211.7,213.385,81,3,4,5,3,2,3,2,4,4,5,5,5,2,3,2,3,1,4,5,1,1,1,4,3,3,4,5,4,1,2,4,2,1,2,3,4,4,1,3,1,2,3,1,3,1,1,3,2,2,2,4,4,1,2,3,2,3,4,3,4,5,2,2,3,1,3,1,1,1,1,1,1,4,4,5,3,5,3,5,3,2,3,3,2,1,3,1,2,3,4,1,4,1,1,2,2,4,5,5,5,2,3,3,3,5,5,5,4,3,4,3,5,5,5,5,5,2,2,2,1,5,5,5,5,3,4,3,2,1,1,1,1,1,1,1,2,1,1,1,1,1,1,1,1,3,4,5,3,2,4,4,5,1,2,3,1,1,2,3,4,20.807,528.154,532.96,164,4,4,4,2,2,2,1,3,3,1,1,1,1,2,4,3,2,2,3,3,2,1,4,4,2,1,2,2,5,3,5,3,2,2,3,1,6.832,115.828,116.698,36
1594,TRUE,1,4,3,6,2,6,5,3,3,6,3,18.126,49.284,49.861,12,4,4,4,4,3,5,4,4,3,5,5,4,4,5,4,4,3,3,4,3,32.143,335.137,336.918,28,4,2,4,1,4,3,3,4,1,4,3,1,4,50.746,292.088,292.554,19,Hunter B,Payton B,Connor A,Sam C,Nick H,Todd H,Ajay M,James M,25.969,59.542,93.26,7,5,4,6,3,5,3,4,6,4,6,4,3,5,3,5,3,7,7,7,3,3,7,7,7,1,1,1,5,1,1,3,1,3,6,6,3,6,4,6,7,6,2,2,7,2,2,4,2,5,2,5,2,2,3,7,5,3,2,3,7,6,4,3,5,6,7,6,2,6,4,4,7,2,2,2,7,5,3,4,2,13.34,242.338,244.067,93,4,4,5,4,5,4,4,5,5,5,5,5,5,5,5,5,4,3,3,3,4,3,4,4,4,3,4,3,4,3,3,4,5,5,5,2,2,4,3,5,4,5,5,1,1,2,4,4,4,5,5,2,4,4,5,5,5,5,5,4,5,4,5,5,4,4,4,1,4,2,4,4,5,5,5,5,5,5,5,5,5,5,5,3,5,3,5,5,5,5,5,3,5,5,5,5,5,5,5,5,5,5,5,5,4,4,4,4,4,4,4,4,4,2,4,2,4,2,4,4,5,2,5,2,2,2,5,5,3,3,3,3,3,3,3,3,3,3,3,3,3,3,3,3,4,4,4,4,4,4,4,4,4,4,4,4,4,4,4,4,14.822,356.54,357.097,195,3,4,2,2,3,3,4,2,1,1,3,1,2,1,1,2,1,4,2,3,1,1,1,1,2,1,2,4,5,3,5,2,4,2,3,4,16.983,174.219,174.762,39
1595,TRUE,1,2,3,6,5,6,7,6,3,6,3,3.248,34.435,35.477,13,4,4,4,1,2,4,4,2,2,4,2,3,5,2,3,4,1,2,4,2,10.352,164.178,164.951,31,4,1,3,2,2,4,4,0,1,3,3,1,4,5.915,105.622,106.559,14,Brother A,Brother B,Mother A,Roomate A,Athlete A,Influencer A,Influencer B,Librarian A,11.876,90.586,91.082,9,3,5,3,4,3,7,6,6,5,5,6,7,3,6,7,3,6,3,6,5,3,4,2,7,5,5,5,5,3,5,6,4,5,7,5,6,4,5,6,5,7,4,5,3,5,5,1,5,5,4,5,7,5,5,1,5,4,5,5,5,5,4,5,2,5,4,4,4,4,5,3,5,3,4,2,3,3,3,2,2,7.408,356.903,358.038,93,2,1,2,2,2,1,4,1,4,1,4,4,4,3,3,2,3,4,3,4,3,3,5,2,2,1,2,2,2,1,3,1,1,3,1,2,1,2,2,1,2,2,2,3,2,1,1,1,2,1,2,2,2,1,1,4,3,1,3,3,3,1,1,1,1,3,1,1,1,3,3,1,3,4,3,3,3,5,5,1,3,1,3,3,2,2,2,1,3,5,3,3,3,5,5,3,3,4,4,4,4,3,4,2,1,2,2,2,2,3,3,1,2,4,2,3,2,4,4,2,4,5,4,4,4,5,5,5,1,3,1,1,1,2,3,1,1,3,2,1,1,3,3,1,3,3,3,3,3,5,5,2,1,4,2,2,2,4,4,1,15.38,513.458,516.628,199,3,4,4,1,3,2,1,3,1,2,4,2,2,3,4,2,2,1,1,2,2,2,3,2,1,2,1,1,2,2,2,3,2,2,2,3,9.176,280.557,281.202,50
392,TRUE,1,3,6,6,7,5,5,5,3,4,5,0.759,24.795,25.542,12,3,3,3,3,3,3,3,3,3,3,3,3,3,3,3,3,3,3,3,3,1.152,22.554,24.037,24,3,3,3,3,3,3,3,3,3,3,3,3,3,0.965,14.694,15.472,14,Omar K,Nadeem K,Amman K,Humza K,Nadir K,Nasir K,Ali K,Zaydan K,15.849,47.398,48.6,3,4,4,4,4,4,4,4,4,4,4,4,4,4,4,4,4,4,4,4,4,4,4,4,4,4,4,4,4,4,4,4,4,4,4,4,4,4,4,4,4,4,4,4,4,4,4,4,4,4,4,4,4,4,4,4,4,4,4,4,4,4,4,4,4,4,4,4,4,4,4,4,4,4,4,4,4,4,4,4,4,5.033,52.701,53.931,93,3,3,3,3,3,4,4,4,3,4,3,4,4,3,3,3,3,2,3,3,4,2,3,4,3,3,3,3,3,3,3,3,3,3,3,3,3,3,3,3,3,3,3,3,3,3,3,3,4,4,4,4,4,4,4,4,3,3,3,3,3,3,3,3,4,3,3,4,3,4,4,4,3,3,3,3,3,3,3,3,3,3,3,3,4,3,3,3,3,3,2,3,3,2,3,4,4,3,3,2,3,3,4,3,3,3,3,3,3,3,3,3,3,3,3,3,3,3,3,3,3,4,3,3,3,3,4,3,4,4,4,4,4,4,4,4,3,3,3,3,3,3,3,3,3,3,3,3,3,3,3,3,3,3,3,3,3,3,3,3,0.512,111.634,115.143,177,3,3,3,3,3,3,3,3,3,3,3,3,2,3,1,3,2,3,3,1,3,3,1,3,3,3,3,1,5,3,5,3,3,3,3,3,3.668,60.636,61.433,42
1261,TRUE,1,7,6,6,5,6,6,5,4,3,4,11.363,44.33,45.101,10,5,5,2,4,2,5,5,3,1,5,2,2,5,4,4,5,2,3,4,4,5.536,151.97,153.248,25,3,2,4,3,3,4,3,4,1,4,2,1,4,12.187,81.953,82.81,15,Grace,Ashley,Sophie,Sophie,Mary,Kate,Trevor,Lia ,1.716,84.266,89.372,10,7,7,7,6,6,7,1,6,2,4,2,7,7,1,7,4,7,4,6,4,5,6,4,4,6,4,6,6,6,4,4,4,7,4,7,2,2,7,1,4,6,1,5,5,5,2,7,5,6,5,6,4,4,6,1,4,5,6,5,6,6,5,7,6,5,4,5,2,2,7,2,4,1,4,1,3,3,1,6,4,6.187,256.52,257.466,94,5,3,5,2,2,5,1,2,5,3,5,5,5,2,2,3,4,3,4,2,2,3,1,3,5,3,5,4,4,5,4,3,5,3,5,5,5,4,3,3,5,5,5,5,5,3,2,3,3,3,3,4,4,3,1,3,5,3,5,5,5,5,2,3,2,3,1,4,4,2,1,3,5,2,5,5,5,4,1,3,5,2,5,5,5,4,1,3,4,3,4,4,4,3,2,3,5,4,5,5,5,5,3,4,5,4,5,5,5,4,3,4,5,5,5,5,5,5,5,4,5,5,5,5,5,5,5,5,3,4,3,4,5,3,5,4,5,4,5,5,5,4,2,4,5,3,5,4,5,4,2,4,5,3,5,4,4,3,3,3,7.557,371.642,374.727,179,1,4,1,1,3,1,1,1,3,3,1,1,1,1,1,3,2,1,3,1,2,1,1,1,1,1,1,1,4,2,4,1,1,3,3,1,10.126,130.392,131.303,46
887,TRUE,1,5,5,6,6,5,5,5,5,5,5,4.308,25.28,26.394,22,3,3,3,3,3,4,3,3,3,3,3,3,3,4,3,3,3,3,3,3,2.181,43.018,43.897,32,3,3,3,3,3,3,3,3,3,4,4,4,4,2.298,45.324,47.435,26,Aaron hayden,cHASE HAYDEN,Chatoya Hayden,cullen hayden,hero kanu,kaleb brown,kojo antwi,kai saunders,9.074,51.731,59.699,10,4,4,4,4,7,4,4,4,4,4,4,4,4,4,4,4,4,5,5,4,7,5,4,5,5,5,5,5,5,5,5,5,7,5,5,5,5,5,5,5,5,5,5,5,5,5,5,5,5,5,5,5,5,5,5,5,5,5,5,5,5,5,5,5,5,5,5,5,5,5,5,5,5,5,5,5,5,5,5,5,84.822,325.309,326.954,104,3,3,3,3,3,3,3,3,3,3,3,3,3,3,3,3,3,3,3,3,3,3,3,3,3,3,3,3,3,3,3,3,3,3,3,3,3,3,3,3,3,3,3,3,3,3,3,3,4,4,4,4,4,4,4,4,4,4,4,4,4,4,4,4,4,4,4,4,4,4,4,4,4,4,4,4,4,4,4,4,3,3,3,3,3,3,3,3,3,3,3,3,3,3,3,3,3,3,3,3,3,3,3,3,3,3,3,3,3,3,3,3,4,4,4,4,4,4,4,4,4,4,4,4,4,4,4,4,4,4,4,4,4,4,4,4,3,3,3,3,3,3,3,3,3,3,3,3,3,3,3,3,3,3,3,3,3,3,3,3,1.956,248.381,249.674,203,4,4,4,4,4,4,4,4,4,4,4,4,4,4,4,4,4,4,4,4,4,4,4,4,4,4,4,4,4,4,4,4,4,4,4,4,36.016,68.792,69.435,46
3031,TRUE,1,4,3,6,5,6,7,7,3,6,2,7.258,66.984,67.778,34,5,4,1,2,3,4,5,4,2,4,5,4,5,5,5,5,2,3,5,2,7.084,300.823,304.011,77,5,4,4,5,4,5,3,4,1,5,4,1,4,10.842,192.306,196.297,49,Elizabeth,Eunise,Junia,Noura,Ruby,Elisa,Nahemie,Robin,6.444,246.181,247.959,20,6,7,5,6,6,4,4,7,4,2,1,2,1,1,3,3,6,7,7,5,6,7,4,4,6,1,3,5,1,1,4,5,5,7,6,6,6,7,5,4,1,1,6,3,2,2,4,1,5,7,7,6,7,7,6,3,3,1,1,3,2,1,4,4,6,7,7,3,7,7,4,5,1,1,2,1,1,1,3,2,43.871,656.023,656.942,171,4,5,5,5,5,5,3,2,5,5,5,5,5,5,5,4,1,1,1,2,1,1,2,3,2,4,2,4,3,3,4,3,2,2,1,3,2,2,1,2,4,3,2,2,3,3,2,4,3,3,5,5,4,4,4,5,5,2,2,5,2,1,4,3,3,2,3,1,1,2,1,5,5,5,4,4,3,4,3,5,3,4,4,5,5,4,3,5,4,5,4,3,4,4,5,5,5,5,5,5,5,5,5,5,5,5,5,5,5,5,5,5,5,5,5,5,5,5,4,3,5,5,5,5,5,5,5,4,3,3,2,2,2,1,3,4,4,3,4,4,3,3,5,5,5,5,5,5,5,5,5,5,4,1,2,2,1,1,3,3,1.269,946.399,950.826,267,2,5,1,3,3,1,2,3,3,4,5,2,1,2,4,4,2,2,5,1,3,1,5,2,1,1,1,3,3,5,5,4,4,5,4,3,6.148,397.592,399.801,64
